2020-05-31,日照市新增1例境外输入新冠肺炎确诊病例,http://wsjkw.rizhao.gov.cn/art/2020/5/31/art_119693_9171098.html,5月30日，日照市新增1例境外输入新冠肺炎确诊病例。境外输入确诊病例韩某涛，33岁，男性，河南省南阳人，“中昌融盛”货船船员。2020年3月12日登船工作，5月10日自印度出发，5月17日经新加坡，5月27日停靠岚山港。5月28日，日照海关对入境船舶“中昌融盛”货船22名中国籍船员采样检测，5月28日23:47结果显示，韩某涛核酸检测阳性。5月29日7时，经日照市疾控中心复核，因标本存在问题，不能确定，需重新采样检测。5月29日16时，按照有关程序转至定点医院留观，进一步检查。5月29日核酸检测两种试剂均为阴性。5月30日17:00新冠肺炎核酸检测阳性，CT 显示左肺下叶外基底段胸膜下斑片伴周围肺组织通气不良，无发热、咳嗽等症状，经专家组评估认定为新冠肺炎确诊病例。经流行病学调查，韩某涛与5月29日2例境外输入确诊病例系同一货船船员，共同密切接触者均已落实集中隔离观察措施。截至目前，确诊病例已收入定点医院隔离病房。其余19名船员血清抗体检测、核酸检测均为阴性。其他密切接触者(本市)75人核酸检测均为阴性。
2020-05-30,日照市新增2例境外输入确诊病例,http://wsjkw.rizhao.gov.cn/art/2020/5/30/art_119693_9170018.html,"
5月29日0—24时，日照市新增2例境外输入新冠肺炎确诊病例。5月28日，日照海关对入境船舶“中昌融盛”货船22名中国籍船员采样检测，5月28日23:47结果显示，3人核酸检测阳性。5月29日7时，经日照市疾控中心复核，1人核酸检测阳性，2人因标本存在问题，不能确定，需重新采样检测。5月29日16时，上述3人按照有关程序转至定点医院留观，进一步检查。5月29日23：10复核结果显示，船员邢某、王某鼻咽拭子标本核酸检测阳性，CT显示双肺多发斑片状磨玻璃影，无发热、咳嗽等症状，经专家组评估认定为新冠肺炎确诊病例。另有1人核酸检测两种试剂均为阴性。经流行病学调查，船员22人未下船上岸活动。目前，已追踪到密切接触者100人，其中19名船员在“中昌融盛”货船上落实隔离医学观察，6名市外船代工作人员已推送协查，其余75人为已采取防护措施的口岸查验、船代和港口作业人员，均已落实集中隔离观察措施。
"
2020-05-06,关于调整山东省新冠肺炎疫情防控应急响应级别的公告,http://wsjkw.rizhao.gov.cn/art/2020/5/6/art_119693_9082130.html,根据国家有关法律法规及相关要求，结合当前新冠肺炎疫情形势，经山东省人民政府研究决定，自2020年5月6日0时起，将山东省新冠肺炎疫情防控响应级别由重大突发公共卫生事件省级Ⅱ级响应调整为Ⅲ级响应。响应级别调整后，全省各级各部门要按照省委新冠肺炎疫情处置工作领导小组（指挥部）全面做好新冠肺炎疫情常态化防控工作方案，抓紧抓实抓细常态化疫情防控，精准实施外防输入、内防反弹措施，保持关键领域、关键环节力度不减，加快正常生产生活秩序恢复，统筹推进疫情防控和经济社会发展。省委新冠肺炎疫情处置工作领导小组（指挥部）办公室2020年5月5日
2020-05-05,日照市具备新冠病毒核酸检测能力医疗机构名单,http://wsjkw.rizhao.gov.cn/art/2020/5/5/art_119693_9082131.html,
2020-03-04,2020年3月4日0时至12时山东省新型冠状病毒肺炎疫情情况,http://wsjkw.rizhao.gov.cn/art/2020/3/4/art_119693_8878149.html,"
2020年3月4日0-12时，山东省无新冠肺炎疑似病例；无新增确诊病例，累计确诊病例758例（其中，重症病例6例，危重症病例2例，死亡病例6例）；新增治愈出院4例，累计治愈出院515例。截至目前，追踪到密切接触者16971人，尚有475人正在接受医学观察。详见下表（单位:例）：备注：根据要求，按病例确诊时医院所在县区统计。
"
2020-03-02,2020年3月2日0时至12时山东省新型冠状病毒肺炎疫情情况,http://wsjkw.rizhao.gov.cn/art/2020/3/2/art_119693_8869889.html,"
2020年3月2日0-12时，山东省无新冠肺炎疑似病例；无新增确诊病例，累计确诊病例758例（其中，重症病例7例，危重症病例2例，死亡病例6例）；新增治愈出院4例，累计治愈出院459例。截至目前，追踪到密切接触者16909人，尚有544人正在接受医学观察。详见下表（单位:例）：备注：根据要求，按病例确诊时医院所在县区统计。
"
2020-02-28,2020年2月28日0时至12时，日照市无新增确诊病例,http://wsjkw.rizhao.gov.cn/art/2020/2/28/art_119693_8859867.html,"
2020年2月28日0-12时，山东省无新增新冠肺炎疑似病例，现有疑似病例1例；无新增确诊病例，累计确诊病例756例（其中，重症病例7例，危重症病例6例，死亡病例6例）；新增治愈出院14例，累计治愈出院404例。截至目前，追踪到密切接触者16824人，已解除医学观察15570人，诊断为疑似或确诊病例291例，尚有963人正在接受医学观察。详见下表（单位:例）：备注：根据要求，按病例确诊时医院所在县区统计。
"
2020-02-26,2020年2月26日0时至12时，日照市无新增确诊病例,http://wsjkw.rizhao.gov.cn/art/2020/2/26/art_119693_8846524.html,"
2020年2月26日0-12时，山东省无新增新型冠状病毒肺炎确诊病例，累计确诊病例756例（含重症病例7例，危重症病例7例，治愈出院368例，死亡病例6例）；无新增疑似病例，现有疑似病例2例。截至目前，追踪到密切接触者16757人，已解除医学观察15304人，诊断为疑似或确诊病例291例，尚有1162人正在接受医学观察。详见下表（单位:例）：备注：根据要求，按病例确诊时医院所在县区统计。
"
2020-02-21,2020年2月21日0时至12时，日照市无新增确诊病例,http://wsjkw.rizhao.gov.cn/art/2020/2/21/art_119693_8831789.html,"
2020年2月21日0-12时，山东省新增新型冠状病毒肺炎确诊病例1例，累计确诊病例749例（含重症病例8例，危重症病例12例，治愈出院274例，死亡病例4例）；新增疑似病例1例，现有疑似病例24例。截至目前，追踪到密切接触者16481人，已解除医学观察14179人，诊断为疑似或确诊病例291例，尚有2011人正在接受医学观察。详见下表（单位:例）：备注：根据要求，按病例确诊时医院所在县区统计。
"
2020-02-20,防控疫情，如需咨询，请拔打以下电话,http://wsjkw.rizhao.gov.cn/art/2020/2/20/art_119693_8826937.html,请惠存
2020-02-20,2020年2月19日12时至24时，日照市无新增确诊病例,http://wsjkw.rizhao.gov.cn/art/2020/2/20/art_119693_8825225.html,"
2020年2月19日12-24时，山东省报告新增新型冠状病毒肺炎确诊病例2例，累计确诊病例546例（含重症病例8例，危重症病例12例，治愈出院238例，死亡病例4例）；新增疑似病例8例，现有疑似病例38例。截至目前，追踪到密切接触者16183人，已解除医学观察13603人，诊断为疑似或确诊病例291例，尚有2289人正在接受医学观察。详见下表（单位:例）：备注：根据要求，按病例确诊时医院所在县区统计。
"
2020-02-19,2020年2月18日12时至24时，日照市无新增确诊病例,http://wsjkw.rizhao.gov.cn/art/2020/2/19/art_119693_8820509.html,"
2020年2月18日12-24时，山东省报告新增新型冠状病毒肺炎确诊病例1例，累计确诊病例544例（含重症病例14例，危重症病例12例，治愈出院215例，死亡病例3例）；新增疑似病例7例，现有疑似病例38例。截至目前，追踪到密切接触者16073人，已解除医学观察13205人，诊断为疑似或确诊病例290例，尚有2578人正在接受医学观察。详见下表（单位:例）：备注：根据要求，按病例确诊时医院所在县区统计。
"
2020-02-18,2020年2月17日12时至24时，日照市无新增确诊病例,http://wsjkw.rizhao.gov.cn/art/2020/2/18/art_119693_8817790.html,"
2020年2月17日12-24时，山东省报告新增新型冠状病毒肺炎确诊病例2例，累计确诊病例543例（含重症病例13例，危重症病例14例，治愈出院193例，死亡病例2例）；新增疑似病例15例，现有疑似病例61例。截至目前，追踪到密切接触者15909人，已解除医学观察12650人，诊断为疑似或确诊病例289例，尚有2970人正在接受医学观察。详见下表（单位:例）：备注：根据要求，按病例确诊时医院所在县区统计。
"
2020-02-17,2020年2月17日0时至12时山东省新型冠状病毒肺炎疫情情况,http://wsjkw.rizhao.gov.cn/art/2020/2/17/art_119693_8817045.html,"
2020年2月17日0-12时，山东省无新增新型冠状病毒肺炎确诊病例，累计确诊病例541例（含重症病例15例，危重症病例14例，治愈出院182例，死亡病例2例）；新增疑似病例2例，现有疑似病例56例。截至目前，追踪到密切接触者15823人，已解除医学观察12383人，诊断为疑似或确诊病例289例，尚有3151人正在接受医学观察。详见下表（单位:例）：备注：1.2月17日上午，潍坊市订正1例确诊病例信息，报告县区由昌乐县改为奎文区。 2.根据要求，按病例确诊时医院所在县区统计。
"
2020-02-15,日照市新增1例确诊病例，累计确诊病例16例,http://wsjkw.rizhao.gov.cn/art/2020/2/15/art_119693_8814109.html,"
2020年2月15日0-12时，我市新增1例新型冠状病毒肺炎确诊病例。病例16号：患者刘某，男，42岁，日照市人，家居山海天旅游度假区卧龙山街道杨庄子村，是10号确诊病例于某光女婿。1月20日其妻于某燕曾与于某光接触。于某光确诊后，刘某和妻子于某燕（38岁）、女儿（11岁）、儿子（5岁）均被集中隔离医学观察。2月2日上午进行咽拭子检测均呈阴性，观察期间无异常，2月4日观察期满全部解除隔离。2月14日下午刘某因咳嗽、发热到日照市人民医院就诊，随即隔离治疗。2月15日核酸检测呈阳性，确定为新冠肺炎确诊病例。妻子于某燕、女儿、儿子核酸检测阳性，为无症状感染者。现已对4人的密切接触者进行流行病学调查，并逐一落实集中隔离医学观察。日照市累计报告新冠肺炎确诊病例16例。其中东港区12例（含山海天7例）、岚山区2例、五莲县2例。已出院3例。截至2月15日12时，我市确诊病例共判定密切接触者725人，其中已解除医学观察709人，尚有16人正在接受医学观察。
"
2020-02-10,2020年2月10日0时至12时山东省新型冠状病毒肺炎疫情情况,http://wsjkw.rizhao.gov.cn/art/2020/2/10/art_119693_8790236.html,"
2020年2月10日0-12时，山东省报告新型冠状病毒肺炎新增确诊病例7例，累计确诊病例466例（含重症病例22例，危重症病例6例，治愈出院64例，死亡病例1例）；新增疑似病例17例，现有疑似病例80例。截至目前，追踪到密切接触者12711人，已解除医学观察8913人，诊断为疑似或确诊233例，尚有3565人正在接受医学观察。详见下表（单位:例）：备注：根据要求，按病例确诊时医院所在县区统计。
"
2020-02-08,日照市新增1例确诊病例，累计确诊病例15例,http://wsjkw.rizhao.gov.cn/art/2020/2/8/art_119693_8781602.html,2020年2月8日0-12时，我市新增1例新型冠状病毒感染的肺炎确诊病例。患者为50岁女性，在青岛打工，曾接触确诊病例亲属。1月31日左右开始出现畏寒、乏力、发热症状，2月5日下午乘公交车到青岛西海岸新区大场车站，由其亲属自驾车于19：20左右接回五莲县户部乡本村，村执勤人员随即报告，当晚入五莲县人民医院隔离治疗。2月6日核酸检测呈阴性，2月7日核酸检测呈阳性。2月8日凌晨，专家组评估为新型冠状病毒感染的肺炎确诊病例，目前该患者病情稳定。现已对该患者返回五莲后追踪到的6名密切接触者集中医学观察。日照市累计报告新型冠状病毒感染的肺炎确诊病例15例。其中东港区11例（含山海天6例）、岚山区2例、五莲县2例。已出院2例。截至2月8日12时，我市确诊病例共判定密切接触者714人，医学观察的714人。已解除612人，继续观察的102人。
2020-02-07,2月6日0-24时，我市无新增确诊病例 ，1例具备出院条件！,http://wsjkw.rizhao.gov.cn/art/2020/2/7/art_119693_8777643.html,"
2月6日0时至24时，日照市无新增确诊病例。日照市累计报告新型冠状病毒感染肺炎确诊病例14例。其中东港区11例（含山海天6例）、岚山区2例、五莲县1例。2位确诊患者已于2月6日治愈出院。确诊病例中， 1人核酸检测两次为阴性，符合出院条件。截至2月6日24时，我市确诊病例共判定密切接触者708人，已解除563人，继续观察的145人。
"
2020-02-05,2020年2月4日12—24时，日照市无新增确诊病例,http://wsjkw.rizhao.gov.cn/art/2020/2/5/art_119693_8772912.html,"
2020年2月4日12—24时，山东省报告新型冠状病毒感染的肺炎新增确诊病例23例，累计确诊病例298例（含重症病例21例，危重症病例4例，出院13例，无死亡病例）；新增疑似病例38例，现有疑似病例94例。截至目前，追踪到密切接触者10264人，已解除医学观察4058人，诊断为疑似或确诊139例，尚有6067人正在接受医学观察。详见下表（单位:例）：备注：根据国家卫健委关于疫情信息报告新要求，按病例确诊时医院所在县区统计。
"
2020-02-03,日照市新增 2 例新型冠状病毒感染肺炎确诊病例，累计确诊病例14例,http://wsjkw.rizhao.gov.cn/art/2020/2/3/art_119693_8767706.html,"
2020年2月3日0-12时，我市新增2例新型冠状病毒感染肺炎确诊病例。患者分别为30岁女性、6岁男孩，住山海天旅游度假区卧龙山街道，是确诊病例的亲属，被判定为密切接触者，已于1月31日集中医学观察。观察期间，经新型冠状病毒核酸检测筛查呈阳性，专家组评估为新型冠状病毒感染肺炎确诊病例，已收住日照市人民医院隔离治疗。其另一位亲属无任何临床症状，但新型冠状病毒核酸检测呈阳性，系无症状感染者，也已在日照市人民医院接受治疗。日照市累计报告新型冠状病毒感染肺炎确诊病例 14 例。其中东港区 11 例（含山海天6例）、岚山区 2 例、五莲县 1 例。 截至 2 月 3 日 12 时，我市确诊病例共判定密切接触者513 人，已解除 87 人，继续观察的 426 人。
"
2020-02-03,日照市新增1例新型冠状病毒感染肺炎确诊病例，累计确诊病例12例,http://wsjkw.rizhao.gov.cn/art/2020/2/3/art_119693_8766241.html,"
2020年2月2日12-24时，我市新增1例新型冠状病毒感染肺炎确诊病例。患者为56岁女性，住山海天旅游度假区卧龙山街道。因其丈夫1月31日被确诊为新型冠状病毒感染肺炎病例，被判定为密切接触者，并已集中医学观察。2月1日因发热收入日照市人民医院就诊。经新型冠状病毒核酸检测呈阳性，专家组评估为新型冠状病毒感染肺炎确诊病例。目前该患者病情稳定。日照市累计报告新型冠状病毒感染肺炎确诊病例12例。其中东港区9例、五莲县1例、岚山区2例。截至2月2日24时，我市确诊病例共判定密切接触者512人，医学观察的512人。已解除87人，继续观察的425人。备注：根据国家卫健委关于疫情信息报告新要求，按病例确诊时医院所在县区统计。
"
2020-02-02,日照市新增1例新型冠状病毒感染肺炎确诊病例，累计确诊病例11例,http://wsjkw.rizhao.gov.cn/art/2020/2/2/art_119693_8765024.html,"
2020年2月1日12-24时，我市新增1例新型冠状病毒感染肺炎确诊病例。患者为54岁女性，住岚山区巨峰镇，为1月30日确诊病例母亲，被判定为密切接触者。1月31日收入岚山人民医院隔离观察区，经新型冠状病毒核酸检测呈阳性，专家组评估为新型冠状病毒感染肺炎确诊病例。目前该患者病情稳定。日照市累计报告新型冠状病毒感染肺炎确诊病例11例。其中东港区8例、岚山区2例、五莲县1例。 备注：根据国家卫健委关于疫情信息报告新要求，按病例确诊时医院所在县区统计。
"
2020-02-01,日照市新增1例新型冠状病毒感染肺炎确诊病例，累计确诊病例10例,http://wsjkw.rizhao.gov.cn/art/2020/2/1/art_119693_8763768.html,"
2020年1月31日12-24时，我市新增1例新型冠状病毒感染肺炎确诊病例。患者为64岁男性，住山海天旅游度假区卧龙山街道， 1月20日与确诊病例（1月25日确诊）有接触史。1月29日出现发热，当日收入日照市人民医院隔离观察区。经新型冠状病毒核酸检测呈阳性，专家组评估为新型冠状病毒感染肺炎确诊病例。目前该患者病情稳定。日照市累计报告新型冠状病毒感染肺炎确诊病例10例。其中东港区8例、岚山区1例、五莲县1例。 备注：根据国家卫健委关于疫情信息报告新要求，按病例确诊时医院所在县区统计。
"
2020-01-31,2020年1月31日0—12时，日照市无新增确诊病例,http://wsjkw.rizhao.gov.cn/art/2020/1/31/art_119693_8763088.html,"
2020年1月31日0—12时，山东省报告新型冠状病毒感染的肺炎新增确诊病例6例，新增重症病例1例。其中：新增确诊病例中，临沂市3例(河东区2例、莒南县1例)，淄博市（周村区）、泰安市（泰山区）、菏泽市（曹县）各1例。目前有疑似病例65例，其中：青岛市25例，泰安市10例，菏泽市8例，枣庄市5例，德州市4例，威海市、聊城市各3例，济宁市、临沂市各2例，淄博市、潍坊市、滨州市各1例。截至1月31日12时，山东省累计报告新型冠状病毒感染的肺炎确诊病例184例（含重症病例11例、危重症病例1例、出院病例2例，无死亡病例），其中：济南市16例(市中区11例，历城区、天桥区各2例，槐荫区1例)、青岛市21例(黄岛区6例，市北区4例，崂山区、即墨区、平度市各2例，市南区、城阳区、李沧区、胶州市、莱西市各1例)、淄博市9例(博山区4例，张店区、淄川区各2例，周村区1例)、枣庄市9例(市中区5例，薛城区、滕州市各2例)、烟台市18例(芝罘区5例，福山区、海阳市各4例，莱州市2例，莱山区、牟平区、莱阳市各1例)、潍坊市8例(奎文区3例，临朐县2例，高密市、安丘市、昌乐县各1例)、济宁市8例(任城区6例，曲阜市2例)、泰安市4例(东平县2例，泰山区、新泰市各1例)、威海市19例(环翠区9例，乳山市5例，文登区4例，荣成市1例)、日照市9例(东港区7例，岚山区、五莲县各1例)、临沂市23例(兰山区7例，河东区7例，沂水县、费县、莒南县各2例，郯城县、临沭县、沂南县各1例)、德州市16例(德城区、乐陵市各4例，禹城市、宁津县各3例，庆云县2例)、聊城市7例(东昌府区3例，莘县2例，临清市、东阿县各1例)、滨州市9例(邹平市5例，惠民县2例，滨城区、阳信县各1例)、菏泽市8例(巨野县3例，牡丹区2例，曹县、东明县、成武县各1例)；出院病例中，青岛市、德州市各1例。目前累计追踪到密切接触者5367人，其中已解除医学观察388人、诊断为疑似或确诊57例，尚有4922人正在接受医学观察。 备注：根据国家卫健委关于疫情信息报告新要求，按病例确诊时医院所在县区统计。
"
2020-01-31,2020年1月31日0—12时日照市无新增确诊病例,http://wsjkw.rizhao.gov.cn/art/2020/1/31/art_119693_8762997.html,"
2020年1月31日0—12时，山东省报告新型冠状病毒感染的肺炎新增确诊病例6例，新增重症病例1例。其中：新增确诊病例中，临沂市3例(河东区2例、莒南县1例)，淄博市（周村区）、泰安市（泰山区）、菏泽市（曹县）各1例。目前有疑似病例65例，其中：青岛市25例，泰安市10例，菏泽市8例，枣庄市5例，德州市4例，威海市、聊城市各3例，济宁市、临沂市各2例，淄博市、潍坊市、滨州市各1例。截至1月31日12时，山东省累计报告新型冠状病毒感染的肺炎确诊病例184例（含重症病例11例、危重症病例1例、出院病例2例，无死亡病例），其中：济南市16例(市中区11例，历城区、天桥区各2例，槐荫区1例)、青岛市21例(黄岛区6例，市北区4例，崂山区、即墨区、平度市各2例，市南区、城阳区、李沧区、胶州市、莱西市各1例)、淄博市9例(博山区4例，张店区、淄川区各2例，周村区1例)、枣庄市9例(市中区5例，薛城区、滕州市各2例)、烟台市18例(芝罘区5例，福山区、海阳市各4例，莱州市2例，莱山区、牟平区、莱阳市各1例)、潍坊市8例(奎文区3例，临朐县2例，高密市、安丘市、昌乐县各1例)、济宁市8例(任城区6例，曲阜市2例)、泰安市4例(东平县2例，泰山区、新泰市各1例)、威海市19例(环翠区9例，乳山市5例，文登区4例，荣成市1例)、日照市9例(东港区7例，岚山区、五莲县各1例)、临沂市23例(兰山区7例，河东区7例，沂水县、费县、莒南县各2例，郯城县、临沭县、沂南县各1例)、德州市16例(德城区、乐陵市各4例，禹城市、宁津县各3例，庆云县2例)、聊城市7例(东昌府区3例，莘县2例，临清市、东阿县各1例)、滨州市9例(邹平市5例，惠民县2例，滨城区、阳信县各1例)、菏泽市8例(巨野县3例，牡丹区2例，曹县、东明县、成武县各1例)；出院病例中，青岛市、德州市各1例。目前累计追踪到密切接触者5367人，其中已解除医学观察388人、诊断为疑似或确诊57例，尚有4922人正在接受医学观察。备注：根据国家卫健委关于疫情信息报告新要求，按病例确诊时医院所在县区统计。
"
2020-01-30,面对新型冠状病毒感染的肺炎疫情，你是否有恐慌、焦虑？日照市发布紧急心理危机干预通道联...,http://wsjkw.rizhao.gov.cn/art/2020/1/30/art_119693_8760980.html,"
为做好新型冠状病毒感染的肺炎疫情防控，开展相关专业知识宣传，疏导群众恐慌、焦虑等不良情绪，提供及时的心理支持和安抚，现将日照市新型冠状病毒感染的肺炎疫情紧急心理危机干预通道联系方式公布如下：一、日照市心理危机干预通道 二、远程心理查体系统登录方式1.电脑登录网址 （http://58.59.40.242:82/），弹出查体界面，点击注册后填入个人信息后进行自我心理测量（一般测量项目包括明尼苏达多项人格测试、抑郁自评、焦虑自评）。 2.电脑登录网址（http://www.rzmhc.com/），点击远程心理健康查体系统图标，弹出查体界面，点击注册后填入个人信息后进行自我心理测量（一般测量项目包括明尼苏达多项人格测试、抑郁自评、焦虑自评）。 
"
2020-01-29,日照市新增1例新型冠状病毒感染的肺炎确诊病例，累计确诊病例8例,http://wsjkw.rizhao.gov.cn/art/2020/1/29/art_119693_8760489.html,"
2020年1月29日0-12时，我市新增1例新型冠状病毒感染的肺炎确诊病例。患者为46岁男性，住东港区秦楼街道，1月16日从武汉返回，为1月25日确诊患者丈夫、1月27日确诊患者父亲。1月25日医学隔离，经新型冠状病毒核酸检测呈阳性，目前该病例无症状。日照市累计报告新型冠状病毒感染的肺炎确诊病例8例。其中东港区7例、五莲县1例。备注：根据国家卫健委关于疫情信息报告新要求，按病例确诊时医院所在县区统计。 
"
2020-01-29,2020年1月28日12时至24时山东省新型冠状病毒感染的肺炎疫情情况,http://wsjkw.rizhao.gov.cn/art/2020/1/29/art_119693_8760373.html,"
2020年1月28日12—24时，山东省报告新型冠状病毒感染的肺炎新增确诊病例26例，其中：济南市1例（市中区），淄博市2例（淄川区），枣庄市3例（市中区2例、滕州市1例），潍坊市2例（昌乐县、高密市各1例），泰安市2例（东平县、新泰市各1例），威海市1例（文登区），日照市1例（东港区），临沂市7例（兰山区、费县各2例，郯城县、沂水县、沂南县各1例），德州市3例（禹城市2例、德城区1例），滨州市2例（阳信县、邹平市各1例），菏泽市2例（巨野县、东明县各1例）。目前有疑似病例55例，其中：青岛市26例，滨州市、菏泽市各5例，威海市、德州市各4例，枣庄市、聊城市各3例，临沂市2例，潍坊市、泰安市、济宁市各1例。截至1月28日24时，山东省累计报告新型冠状病毒感染的肺炎确诊病例121例，其中：济南市11例（市中区8例、历城区2例、天桥区1例），青岛市15例（黄岛区5例，市北区3例，崂山区2例，市南区、城阳区、李沧区、胶州市、莱西市各1例），淄博市4例（张店区、淄川区各2例），枣庄市8例（市中区5例、薛城区2例、滕州市1例），烟台市10例（芝罘区、福山区各3例，莱山区、海阳市、莱州市、莱阳市各1例），潍坊市5例（临朐县2例，奎文区、高密市、昌乐县各1例），济宁市5例（任城区4例、曲阜市1例），泰安市3例（东平县2例、新泰市1例），威海市11例（环翠区5例、文登区3例、乳山市2例、荣成市1例），日照市7例（东港区6例、五莲县1例），临沂市15例（兰山区5例，河东区4例，费县2例，莒南县、郯城县、沂水县、沂南县各1例），德州市11例（德城区、禹城市各3例，庆云县、乐陵市各2例，宁津县1例），聊城市3例（东昌府区2例、莘县1例），滨州市6例（惠民县、邹平市各2例，滨城区、阳信县各1例），菏泽市7例（巨野县3例，牡丹区2例，成武县、东明县各1例）。目前累计追踪到密切接触者3171人，其中已解除医学观察46人，密切接触者中诊断为疑似或确诊30例，尚有3095人正在接受医学观察。备注：根据国家卫健委关于疫情信息报告新要求，按病例确诊时医院所在县区统计。
"
2020-01-29,日照市新增1例新型冠状病毒感染的肺炎确诊病例,http://wsjkw.rizhao.gov.cn/art/2020/1/29/art_119693_8759912.html,"
2020年1月28日12-24时，我市新增1例新型冠状病毒感染的肺炎确诊病例。患者为40岁男性，住东港区秦楼街道，为确诊病例的密切接触者。经新型冠状病毒核酸检测呈阳性，专家组评估为新型冠状病毒感染的肺炎确诊病例。目前患者病情稳定。日照市累计报告新型冠状病毒感染的肺炎确诊病例7例。其中东港区6例（其中居住在东港区3例、岚山区1例、山海天旅游度假区2例），五莲县1例。备注：根据国家卫健委关于疫情信息报告新要求，按病例确诊时医院所在县区统计。    
"
2020-01-28,山东发通知：不得随意解除隔离治疗职工劳动合同，延长春节假期工资这样算,http://wsjkw.rizhao.gov.cn/art/2020/1/28/art_119693_8759246.html,"
山东发通知：不得随意解除隔离治疗职工劳动合同，延长春节假期工资这样算1月27日，省人社厅发布《关于积极应对新型冠状病毒感染肺炎疫情做好劳动关系工作的通知》，明确延长2020年春节假期至2月2日，并对工资报酬等方面做出规定。一、不得随意解除职工劳动合同对新型冠状病毒感染的肺炎患者、疑似病人、密切接触者在其隔离治疗期间或医学观察期间以及因政府实施隔离措施或采取其他紧急措施导致不能提供正常劳动的职工，企业不得依据劳动合同法第四十条、四十一条与职工解除劳动合同。在此期间，劳动合同到期的，分别顺延至职工医疗期期满、医学观察期期满、隔离期期满或者政府采取的紧急措施结束。二、依法保障职工劳动报酬等权益 对新型冠状病毒感染的肺炎患者、疑似病人、密切接触者在其隔离治疗期间或医学观察期间以及因政府实施隔离措施或采取其他紧急措施导致不能提供正常劳动的职工，企业应当视同提供正常劳动并支付职工正常工作时间工资。对于因疫情防控未及时返工的，该期间的工资发放，单位和职工可以协商处理。企业因受疫情影响导致停工停产在一个工资支付周期内的，应当按劳动合同规定的标准支付职工工资；超过一个工资支付周期的，企业安排劳动者工作的，按照双方新约定的标准支付工资，但不得低于当地最低工资标准;企业没有安排劳动者工作的，应当按照不低于当地最低工资标准的70%支付劳动者基本生活费，生活费发放至企业复工、复产或者解除劳动关系。三、适当延长春节假期迅速落实国务院办公厅通知要求，延长2020年春节假期至2月2日。因疫情防控不能休假的职工，根据劳动法规定安排补休。不能安排补休的，支付不低于工资的百分之二百的劳动报酬。疫情防控关键时期，企业可以采取调整开工时间、避免人员密集生产活动等措施，减少人员流动和聚集，有效防止新型冠状病毒感染的肺炎疫情扩散和蔓延。四、合理安排工作时间和休息休假对于因疫情防控未及时返回企业复工的职工，企业与职工协商一致，可以优先考虑安排职工带薪年休假。企业因受疫情影响导致生产经营困难的，可以通过与职工协商一致采取调整薪酬、轮岗轮休、缩短工时、待岗等方式稳定工作岗位，尽量不裁员或者少裁员。鼓励受疫情影响的企业采取集中工作、集中休息方式保持正常生产经营。五、做好劳动人事争议调处引导受疫情影响的当事人通过电话调解、在线调解等非接触即时沟通方式及时化解纠纷，减少当事人往返和聚集次数。因受疫情影响造成当事人不能在法定仲裁时效期间申请劳动人事争议仲裁的，仲裁时效中止。从中止时效的原因消除之日起，仲裁时效期间继续计算。因受疫情影响导致劳动人事争议仲裁机构难以按法定时限审理案件的，可相应顺延审理期限。六、加强服务指导和监测处置工作各地人力资源社会保障部门要落实属地责任，加强对受疫情影响企业的劳动用工指导和服务，加大劳动关系风险预测预警力度，切实维护职工合法权益。疫情防控期间，发生劳动关系重大事件的，及时妥善处置，并按照有关规定向当地党委、政府和省厅报告。
"
2020-01-27,【公告】一键查询发热门诊、定点医院,http://wsjkw.rizhao.gov.cn/art/2020/1/27/art_119693_8758395.html,"
一键查询发热门诊、定点医院目前新型冠状病毒感染的肺炎疫情进入比较严峻复杂的时期。提醒大家一定提高防病意识和防病能力。为帮助患者及时就诊，健康中国政务新媒体平台携手国务院客户端整理了全国各地的发热门诊、医疗救治定点医院名单，让患者动动手指即可查询。希望能让他们少走几步路，早一步得到救治。所有的名单都会保持动态更新。大家注意了！1.若有就医需要，大家要知道两件事，哪里有发热门诊，哪家医院是医疗救治定点医院（这俩都能在小程序里查到）。2.提醒大家，不是所有医院都有发热门诊，有发热门诊的医院不一定是医疗救治定点医院。 如何获取？两种方式自由选择！1.关注“健康中国”微信公众号，点击“政民互动”专栏，即可进入“发热就医查询”页面，查询新型冠状病毒感染的肺炎医疗救治定点医院和发热门诊。2.微信搜索并打开“国务院客户端”小程序，可点击查询“发热门诊”和“定点医院”。 
"
2020-01-27,日照市新增1例新型冠状病毒感染的肺炎确诊病例,http://wsjkw.rizhao.gov.cn/art/2020/1/27/art_119693_8758291.html,"
2020年1月26日15时，我市新增1例新型冠状病毒感染的肺炎确诊病例。患者为57岁女性，山海天旅游度假区人，为已确诊病例的配偶，1月25日被判定为确诊病例的密切接触者。经新型冠状病毒核酸检测呈阳性，专家组评估为新型冠状病毒感染的肺炎确诊病例。目前患者病情稳定。日照市累计报告新型冠状病毒感染的肺炎确诊病例5例。其中东港区1例、岚山区1例、五莲1例、山海天2例。‍  
"
2020-01-26,日照市新增1例新型冠状病毒感染的肺炎确诊病例,http://wsjkw.rizhao.gov.cn/art/2020/1/26/art_119693_8757770.html,"
2020年1月25日23时，日照市新增1例新型冠状病毒感染的肺炎确诊病例。患者为44岁女性，东港区秦楼街道居民。1月16—25日与武汉返乡人员密切接触，1月25日患者因发烧到日照市人民医院就诊，后被收入院隔离治疗。经过新型冠状病毒核酸检测为阳性，专家组评估为新型冠状病毒感染的肺炎确诊病例。截止目前，日照市累计报告新型冠状病毒感染的肺炎确诊病例4例。其中东港区1例，五莲县1例、岚山区1例、山海天1例。
"
2020-01-25,日照市确诊1例输入性新型冠状病毒感染的肺炎病例,http://wsjkw.rizhao.gov.cn/art/2020/1/25/art_119693_8757769.html,"
截至目前，日照市新增1例新型冠状病毒感染的肺炎确诊病例。该患者为57岁男性，1月17日经武汉火车站返回日照市山海天旅游度假区，1月23日开始发热，1月24日就诊。该病例经新型冠状病毒核酸检测呈阳性，专家组评估，为新型冠状病毒感染的肺炎确诊病例。目前患者生命体征平稳。日照市累计报告新型冠状病毒感染的肺炎确诊病例3例。其中五莲1例、山钢日照公司1例、山海天1例。  日照市卫生健康委员会2020年1月25日
"
2020-01-25,日照市确诊1例输入性新型冠状病毒感染的肺炎病例,http://wsjkw.rizhao.gov.cn/art/2020/1/25/art_119693_8757768.html,"
2020年1月25日，我市新增1例新型冠状病毒感染的肺炎确诊病例。该患者为35岁男性，1月21日被判定为确诊病例的密切接触者，并接受医学观察。1月22日经新型冠状病毒核酸检测呈阳性，立即收入定点医院治疗。经省疾控中心复核，专家评估，该病例为新型冠状病毒感染的肺炎确诊病例。目前患者病情稳定。我市累计报告新型冠状病毒感染的肺炎确诊病例2例。已追踪到密切接触者128人，正在接受医学观察。日照市卫生健康委员会  2020年1月25日    
"
2020-01-24,日照市积极推进新型冠状病毒肺炎疫情防控工作,http://wsjkw.rizhao.gov.cn/art/2020/1/24/art_119693_8757267.html,武汉发现新型冠状病毒肺炎疫情以来，我市高度重视。市委、市政府主要负责同志在省“两会”期间专门听取疫情防控工作情况汇报，就疫情防控工作作出具体安排。全市各级各部门迅速行动、科学防控、果断处置，疫情防控工作扎实推进。1月20日以来，市委、市政府多次召开专题会议，研究部署疫情防控工作。与此同时，专门成立了由市政府主要负责人任组长的市新型冠状病毒感染的肺炎疫情处置领导小组，出台《关于进一步做好新型冠状病毒感染的肺炎疫情防控工作的通知》，制定《日照市新型冠状病毒感染的肺炎疫情应急处置预案（试行）》，明确处置工作原则、组织领导、应急准备、应急处理、疫情控制和医疗救治相关要求。分管领导还多次带队到机场、高铁（汽车）站、农贸市场和医疗机构开展督导，现场调度推进相关工作。目前，交通部门在高铁（汽车）站、机场设立了红外线测温仪，加强对武汉来日照人员的体温检测；公安部门积极协助做好密切接触者的追踪和管理；文旅部门动员旅行社一律停接武汉到日照的团组，停止安排前往或途经武汉的旅行活动；农业农村部门加强野生动物制品的检测；市场监管部门对野生动物交易市场和交易行为依法取缔；教育部门认真排查我市在武汉就读的大学生详细情况；宣传、网信部门做好防控知识宣传，积极引导社会各界科学开展防控工作。“根据市里出台的新规，现在全市一级以上医疗机构全面加强了预检分诊和发热门诊的监测，严格落实疫情‘日报告’和‘零报告’制度，市疾控中心和全市各医疗机构已对药品试剂、设施设备、防护用具和车辆等应急装备物资进行了调整补充，我市已经具备了新型冠状病毒实验室检测能力。”市卫健委副主任、疾控中心主任朱友亮介绍。为及时回应社会关切，我市已公布了28家各级卫健部门、疾控中心和定点医院的咨询答疑电话，设立了“关于新型冠状病毒 如何做好自我防护”网站和微博专栏。“下一步，我们将继续加强流行病学调查和疫情监控，强化部门间以及区域间的信息共享和联防联控，设立集中观察场所，开展好冬春季爱国卫生运动，深入开展防控救治知识宣传，加强对各区县疫情防控工作的督导检查，确保人民群众健康安全。”朱友亮说。
2020-01-24,日照市确诊1例输入性新型冠状病毒感染的肺炎病例,http://wsjkw.rizhao.gov.cn/art/2020/1/24/art_119693_8757767.html,"
1月24日，经省疾控机构复核和专家评估，确诊我市1例新型冠状病毒感染的肺炎病例。患者为25岁男性，2020年1月17日由武汉来日照，18日出现发热症状，22日到我市医疗机构就诊，就诊后被收入院隔离治疗。目前，患者病情稳定，已判定的29名密切接触者正在接受集中医学观察。另外80名密切接触者正在接受医学观察。
"
2020-01-23,【倡议】关于武汉新型肺炎，我们倡议！,http://wsjkw.rizhao.gov.cn/art/2020/1/23/art_119693_8756355.html,"
让我们一起努力早日打赢这场看不见硝烟的战争！
"
2020-01-23,【公告】日照市收治两名初步检测新型冠状病毒核酸阳性患者,http://wsjkw.rizhao.gov.cn/art/2020/1/23/art_119693_8756354.html,"
1月22日，日照市收治两名病人，一名来自武汉，一名为确诊病例的密切接触者。经实验室初步检测，两人均为新型冠状病毒核酸阳性，患者标本已按规定送省级专业机构复核，一旦确诊，将及时向社会公布。我委正按规定落实相关措施。日照市卫生健康委员会     2020年1月23日           
"
2020-01-23,【公告】日照市对我省出现的新型冠状病毒感染肺炎确诊病例密切接触者开展医学观察,http://wsjkw.rizhao.gov.cn/art/2020/1/23/art_119693_8756353.html,"
1月21日，我省出现的疑似新型冠状病毒感染的肺炎病例被国家卫生健康委确认为确诊病例。经查，该患者为37岁男性，武汉人，在日照市工作，发病前两周内有武汉居住史，因发热等症状，曾于1月17日下午在我市就诊，当晚自行至青岛市就诊。经流行病学调查，我市已对判定的45名密切接触者严格按照要求进行追踪随访，开展医学观察。日照市委、市政府高度重视新型冠状病毒感染肺炎疫情防控工作，成立了由市政府主要领导担任组长的工作领导小组，全力做好疫情防控和应急处置各项工作。市卫生健康委组织成立工作专班和专家组，全面落实疫情监测、检验检疫、临床诊治等措施，切实维护广大人民群众生命健康安全。春节即将到来，人员流动较大，希望广大市民注意做好个人卫生防护，勤洗手，保持室内环境卫生和空气流通，尽量减少外出和聚集，如出现发热、咳嗽等呼吸道症状，请戴口罩及时到当地医疗机构发热门诊就诊。
"
2020-01-20,【公示】全市卫健部门、疾控机构、医疗机构咨询答疑电话公示,http://wsjkw.rizhao.gov.cn/art/2020/1/20/art_119693_8756352.html,"
   全市卫健部门、疾控机构、医疗机构咨询答疑电话.pdf
"
