 2020-06-29,我市具备核酸检测能力机构一览表,http://wsjkw.weifang.gov.cn/YWZT/JBFK/202006/t20200629_5633772.htm,"
截至6月29日，我市共有31家机构具备核酸检测能力，详细名单为：




序号
机构名称
机构地址
电话


1
潍坊医学院附属医院
潍坊市奎文区虞河路2428号
0536-3081579


2
潍坊市人民医院
潍坊市奎文区广文街151号
0536-8675672


3
潍坊市中医院
潍坊市奎文区潍州路1055号
0536-8190168


4
潍坊市妇幼保健院
潍坊市潍城区青年路76号
0536-8089175


5
潍坊市第二人民医院
潍坊市奎文区院校街7号
18863033268


6
潍坊市益都中心医院
青州市玲珑山南路4138号
0536-3279413/3275536


7
青州市人民医院
青州市玲珑山中路1726号
0356-3233957/3234115


8
诸城市人民医院
诸城市南环路59号
0536-6357131


9
寿光市人民医院
寿光市健康街1233号
0536-5230075


10
安丘市人民医院
安丘市学府街159号
0536-4262676/4261703


11
高密市人民医院
高密市镇府街西77号
18563626279


12
高密市中医院
高密市凤凰大街588号
0536-2367305


13
昌邑市人民医院
昌邑市利民街636号
0536-7115206


14
临朐县人民医院
临朐县县城山旺路438号
18678019055


15
昌乐县人民医院
昌乐县城利民街278号
0536-6222822/6298201


16
阳光融和医院
潍坊市高新区樱前街9000号
15689226131


17
潍坊市疾病预防控制中心
潍坊市高新区惠贤路4801号
0536-8232528


18
寒亭区人民医院
潍坊市寒亭区民主街2600号
0536-7251667


19
坊子区人民医院
潍坊市坊子区公安街80号
0536-7655615


20
青州市疾病预防控制中心
青州市云门山南路2838号
0536-3223112


21
昌邑市疾病预防控制中心
昌邑市富昌街41号
7211823


22
诸城市疾病预防控制中心
诸城市东环路168号
0536-6212583


23
安丘市疾病预防控制中心
安丘市健康路248号
0536-4261045


24
寿光市疾病预防控制中心
寿光市迎宾路1719
0536-4261046


25
奎文区疾病预防控制中心
奎文区虞河路2697号
0536-8226973


26
坊子区疾病预防控制中心
坊子区凤凰大街4745号
0536-7519894


27
高密市疾病预防控制中心
高密市镇府街77号
0536-2323657


28
潍城区疾病预防控制中心
潍城区胜利西街1163号
0536-8322637


29
临朐县疾病预防控制中心

            临朐县城站前路 4095号
0536-3458215


30
潍坊格林医学检验实验室
潍坊市高新区高二路潍坊智慧产业园3号科研楼
13356715792


31
潍坊海拓医学检验实验室有限公司
潍坊市经济开发区月河路699号
13792642569



"
 2020-06-28,关于2020年国家医师资格考试实践技能考试网上缴费的通知,http://wsjkw.weifang.gov.cn/ZWDT/TZGG/202006/t20200628_5632331.htm," 
各位考生：
2020年国家医师资格考试实践技能考试网上缴费时间为2020年6月30日-7月5日。
一、缴费要求
2020年山东考区医师资格考试实践技能考试费全部实行网上缴费，不提供其他缴费途径。请通过报名资格审核的考生在规定期间登录国家医学考试服务平台进行缴费。未成功完成网上缴费，即视为放弃报名，不能参加医师资格考试实践技能考试。对于因个人原因缴费后不参加考试的考生不予退费。
网上缴费由“易宝支付”缴费平台提供服务，该平台可支持多种银行卡及微信支付，考生可根据自己的情况在安全的上网环境中进行网上缴费操作。
二、收费标准
根据山东省物价局、财政厅《关于重新核定医师资格考试收费标准的复函》（鲁价费函〔2017〕2号），具体收费标准如下：
实践技能考试（网上缴费）：临床、公卫类别269元/人；中医267元/人；口腔类别299元/人；乡村全科助理267元/人。
三、网上缴费注意事项
（一）务必认真阅读缴费说明（见附件）并据此操作。
（二）务必牢记订单号。无订单号可能导致无法退款。（银行不能查询超过3个月的订单号，请专门记录订单号。）
（三）易宝支付公司统一受理缴费和退费问题。联系方式：
1、“易宝支付在线客服” ：www.yeepay.com
2、“易宝支付”7*24小时支付热线：95070
3、“易宝支付”客服邮箱：help@yeepay.com
 
附件：医师资格考试网上缴费说明
 
 
                                               潍坊市卫生健康委员会
                   2020年6月28日
 
 
 
 
 
附件
医师资格考试实践技能考试网上缴费说明
 
一、网上缴费前准备
1.完成医师资格考试网上报名并考区考点审核通过。
2.确认银行卡或微信已开通网上支付功能，同时熟悉并掌握网上支付流程。
二、网上支付注意事项
（一）正确操作网上支付
1.建议不要多人使用同一台计算机进行网上缴费，若因条件限制必须多人使用同一计算机进行网上缴费时，不可多开窗口对2人以上同时进行缴费，必须在上一人报名及缴费成功，点击“退出”按钮并关闭浏览器后，方可进行下一人缴费。
2.建议使用IE浏览器，以免因系统不兼容导致无法正常支付。银行系统支持浏览器版本为IE6、IE7、IE8、IE9。网上缴费前，考生使用的电脑有可能需要先下载加密程序（IE128位高加密包）、JAVA虚拟机或安全控件（工商银行、招商银行、民生银行）才能够满足网上缴费要求。建议考生缴费前登录各银行网站下载相关程序或银行端安全控件。
3.网上缴费前，务必关闭百度搜霸、google、MSN等工具条和弹出窗口拦截功能。
4.为确保网上缴费成功，缴费前可先删除IE浏览器缓存（在IE浏览器的工具菜单中选择“Internet选项”，点击“删除cookies”和“删除文件”）。
5.考生在支付考试费用之前，须阅读相关银行卡的使用说明及注意事项；在缴费过程中，随时注意支付平台和银行给出的提示信息，必要时一边对照说明一边进行操作。
6.登录国家医学考试服务平台，确认报名信息无误后点击网上缴费按钮进入缴费界面；（如下图）
  
7.核对缴费信息和缴费金额后选择支付方式缴费。
8.按照提示完成网上缴费后系统会自动跳转页面（此时不要关闭浏览器，不要进行其他操作）。如果支付成功，系统将反馈支付已完成的“订单号”和“交易流水号”等提示信息（请务必留存订单号和交易流水号，以备查询）。
9.如果因上网条件较差或网络传输等原因造成系统速度缓慢，考生须耐心等待，尽量不要重复点击，避免二次支付。
10.缴费时如果进行到某一步骤出现异常，切勿点击IE浏览器“返回”按钮，而应关闭浏览器窗口后，重新点击国家医学考试服务平台中缴费按钮进行下一步操作。
11.由于缴费人数较多，请尽量提前做准备，避免出现缴费高峰时段，导致网络拥堵，影响缴费。
（二）强化密码保护意识
1.上网环境安全可靠，尽量不要在网吧等公共场所使用。
2.尽量在不同场合使用有所区别的密码。
3.牢记密码，如作记录则应妥善保管。
4.考生要分清所持银行卡的各种使用密码，不同的密码会有不同的用途与功能，如支付密码、取款密码等，使用时不能混淆。
5.确保自己银行卡密码的安全，不得告诉他人。
6.在输入网上报名系统或网上付费密码时，应防止左右有他人窥视。
7.预留密码时尽量避免选用身份证、生日、电话、门牌、吉祥、重复或连续等易被他人破译的数字。
8.发现有泄密危险时，应及时更换密码。
9.不定期更换密码。
10.注意电脑中是否有键盘记录或远程控制等木马程序，使用病毒实时监控程序和网络防火墙，并注意升级更新。
三、网上支付结果查询
（一）查询支付结果。如果支付后对支付状态不确定，可使用您支付的电脑登陆：www.yeepay.com首页选择“订单查询”，系统会自动搜索出您使用本电脑5天内的支付记录，您可以查询到匹配的缴费记录状态。
（二）如果系统没有提示缴费失败或成功，考生可通过登录网上银行、客服电话、ATM、柜台等各种方式查询账户内余额，如果考试费已经支出，缴费状态未成功，可能出现以下两种情况：
1.由于网络延时，数据传输滞后，可以稍后重新登陆网站刷新查看缴费状态即可。
2.缴费后未记住缴费订单号，请联系支付银行卡的相应银行查询银行订单号，并将该订单号提供给“易宝支付”客服人工查询缴费状态（银行业一般不查询超过3个月的订单号，请务必提前牢记）。
3.如果同一考生发现被重复扣款，请不用担心，银行会自动退款到你的银行卡上，如有疑问，请联系易宝客服。
4.如果发现国家医学考试服务平台上缴费没有成功，而网上银行扣款成功，请考生耐心等待2天，如考试服务平台上仍显示未缴费则请联系易宝客服。
5.考生最终缴费成功的标志，以国家医学考试服务平台中的已缴费为准。（如下图）
 
四、关于退费
1.考生若因网上支付时操作不当，或因网络原因，造成重复支付的，请不要急于在交完考试费后立即注销缴费所用银行卡，否则将给退款工作造成障碍。
2.退费方式：退款将返回给考生缴费所用银行卡账户。退款到账通常半个月左右时间。因此，考生可在退款工作完毕后一个月之内查询退款到账情况，发现问题请与“易宝支付”客服联系。
 "
 2020-06-24,潍坊市卫生健康委员会2020年国家医师资格实践技能考试考生疫情防控公告,http://wsjkw.weifang.gov.cn/ZWDT/TZGG/202006/t20200624_5631643.htm,"各考生：
为确保我市2020年国家医师资格考试实践技能考试安全、顺利实施，保障广大考生和涉考工作人员身体健康，根据省委新冠肺炎疫情处置工作领导小组（指挥部）办公室《关于印发<山东省新冠肺炎疫情常态化防控期间考试防控指南>的通知》（第478号）及国家医师资格考试山东考区办公室疫情防控工作要求，现将考生有关疫情防控要求公告如下：
一、考前监测
    考生自考前14天起，每天采取自查自报方式进行健康监测，填写《考试人员健康信息采集表》（附件1）。考前一天填写《考生健康申明卡及安全考试承诺书》（附件2）。瞒报、虚报个人旅居史和健康症状的，将依法依规予以处理。考生须在考前14天通过微信搜索“山东电子健康通行卡”，或支付宝首页搜索“山东电子健康通行卡”申领山东省健康通行码（省内考生在通行码申请模块申领，省外考生在来鲁申报模块申领）。
二、考试期间
考生进入考场前进行身份核验和体温检测，上交《考试人员健康信息采集表》和《考生健康申明卡及安全考试承诺书》，出示“健康码”，全程穿着无标识隔离衣、医用帽、佩戴一次性医用外科口罩（禁止佩戴带有呼吸阀口罩），自行准备未开封的一次性乳胶手套（一站一副）。
三、交通出行
考生须遵循“两点一线”出行模式，“点对点”往返住所和考点。在保障安全的前提下，尽量选择步行、骑行、私家车往返考点。出行期间要备齐口罩（一次性使用医用口罩或医用外科口罩）、手套、纸巾、速干手消毒剂等防护用品，严格做好个人防护，全程佩戴口罩。乘坐公共交通工具的，要佩戴一次性手套，减少接触公共物品和部位，尽量保持与其他人员的距离，注意保持手卫生，减少在交通场站等人员密集场所停留时间。考生乘坐出租车或网约车赴考点的，提前预约车辆，乘坐时在后排落座，下车后应及时做好手卫生。
四、考生健康管理
（一）考生属于以下情形的，纳入考点所在地疫情防控体系，可以参加考试：
（1）治愈出院的确诊病例和无症状感染者，在结束集中隔离观察14天及居家隔离14天后，持考前7天内的健康体检报告，体检正常、肺部影像学显示肺部病灶明显吸收、2次间隔24小时核酸检测(痰或咽拭子+粪便或肛拭子)均为阴性的。
（2）开考前14天内有发热、咳嗽等症状已痊愈或能排除传染病的，持医疗机构出具的诊断证明和考前48小时内核酸检测阴性报告的。
（二）属于以下情形的，不得参加考试：
确诊病例、疑似病例、无症状感染者和尚在隔离观察期的密切接触者；开考前14天内有发热、咳嗽等症状未痊愈且未排除传染病者；有中、高风险等疫情重点地区旅居史且离开上述地区不满21天者；考生居住社区21天内发生疫情者；有境外旅居史且入境未满28天者。
请广大考生自觉配合疫情防控工作，认真进行自查自报，并在考试结束后迅速离场，不扎堆不聚集，保证本次考试顺利、平稳进行。
 
附件：1.《考试人员健康管理信息采集表》
2.《考生健康申明卡及安全考试承诺书》
 
 
                                               潍坊市卫生健康委员会
                                                   2020年6月24日
 
 
 "
 2020-06-23,关于潍坊市职业健康专家库拟入库专家名单的公示,http://wsjkw.weifang.gov.cn/YWZT/ZYJK/202006/t20200623_5630010.htm,"
根据潍坊市卫生健康委《关于推荐全市职业健康专家库人选的通知》要求，结合我市职业健康工作需要，经组织推荐、个人自荐和审查遴选，拟定了潍坊市职业健康专家库名单（见附件），现予以公示。公示期限为2020年6月23日至7月1日。公示期内，如对拟入库专家人选有异议，请以书面形式反馈至市卫生健康委职业健康科，所反映问题应实事求是、客观公正。
联系电话：0536-8090311
联系地址：潍坊市高新区6396号阳光大厦19楼西区
邮政编码：261061
 
附件：潍坊市职业健康专家库（拟定）
 
 
                             潍坊市卫生健康委员会
                                                          2020年6月22日
"
 2020-06-16,2020年潍坊市精神卫生中心公开招聘工作人员公告,http://wsjkw.weifang.gov.cn/ZWDT/TZGG/202006/t20200616_5622166.htm," 
根据《事业单位人事管理条例》（国务院令第652号）、《事业单位公开招聘人员暂行规定》（人事部令第6号）和省、市有关规定，2020年潍坊市精神卫生中心面向社会公开招聘工作人员14名（详见《2020年潍坊市精神卫生中心公开招聘工作人员职位表》，现公告如下：
一、范围与条件
（一）具有中华人民共和国国籍；
（二）遵守宪法和法律；
（三）具有良好的品行；
（四）岗位要求的专业或技能条件；
（五）适应岗位要求的身体条件；
（六）应聘人员年龄一般不超过40周岁（1980年6月28日以后出生）。其中，岗位要求为博士研究生或具有中级专业技术职务的年龄一般不超过45周岁（1975年6月28日以后出生）；岗位要求为具有高级专业技术职务的年龄一般不超过50周岁（1970年6月28日以后出生）；
（七）应聘医疗岗位人员，如已完成医师执业注册，执业范围必须与应聘岗位相匹配；
（八）具备招聘岗位要求的其它资格条件。国内应届毕业生须于2020年7月31日以前（博士研究生于2020年12月31日以前）取得应聘岗位要求的学历学位证书等材料;国(境)外高校应届毕业生须在2020年8月31日以前取得应聘岗位要求的学历学位证书、教育部留学服务中心出具的学历学位认证等材料。
定向、委培毕业生报考，须征得定向、委培单位同意；曾受过刑事处罚和曾被开除公职的人员、在读全日制普通高校非应届毕业生、现役军人以及法律法规规定不得聘用的其他情形的人员不得应聘，在读全日制普通高校非应届毕业生不能用已取得的学历学位作为条件应聘。高校毕业生在校期间的社会实践、实习、兼职等不作为工作经历，工作经历年限按足年足月累计，截止时间为2020年6月28日。
二、报名与资格审查
（一）报名时间。2020年6月28日8:00—6月30日17:00。报名时间截止后提报的报名邮件无效。
（二）报名要求。采取网上报名方式。应聘人员下载并如实填写《2020年潍坊市精神卫生中心公开招聘工作人员报名登记表》、《应聘事业单位工作人员诚信承诺书》，填写完毕确认无误后，连同应聘人员提交的相关材料在规定时间（ 2020年6月28日8:00—6月30日17:00）内发送至医院电子邮箱。（wfsyrsk@126.com），报名电子文档命名格式“报名岗位+姓名+电话”。每人限报一个岗位,仅限投递一次邮件。
应聘人员提交的相关材料包括：
（1）《2020年潍坊市精神卫生中心公开招聘工作人员报名登记表》，须附本人电子照片(近期正面免冠，纯色背景、面部清晰可辨、jpg格式、大小15—45k)
（2）本人签字的《应聘事业单位工作人员诚信承诺书》
（3）身份证
（4）学历学位证书
（5）职称资格证书（有职称要求的岗位提供）
（6）工作经历证明（单位人事管理部门出具）
（7）执业资格证书
（8）派遣报到证或就业通知书、就业推荐表
（9）在校期间成绩单（免笔试的博士考生提供）
（10）发表的论文及科研材料和获得的荣誉奖励（免笔试的考生提供）
（11）留学回国人员须出具国家教育部门的学历学位认证证明
（12）招聘岗位有“研究方向”要求的须提供高校教务部门或研究生处（院）出具的专业研究方向证明
（13）已经签订就业协议书的毕业生和已参加工作人员需提交原就业单位出具的单位同意报考证明信（对出具确有困难的，最迟应当在体检前出具）
（14）岗位要求的其他证明材料
以上材料按照顺序制作成一个PDF文档，与《2020年潍坊市精神卫生中心公开招聘工作人员报名汇总表》Excel文档，一并上传至所报考单位的指定邮箱。  
 应聘人员须用第二代居民身份证信息报名，报名与考试使用身份证及信息必须一致。提交的信息必须真实、准确、完整，能够体现招聘岗位的要求。因提交信息不及时、不准确、不完整、不符合要求影响报名的，由应聘人员本人承担相应后果。应聘人员的信息、材料不实或者不符合招聘条件的，一经查实，立即取消应聘资格。
应聘人员在应聘期间的表现，将作为公开招聘考察的重要内容之一。
（三）资格审查。
招聘医院负责对报考人员进行资格审查。
1.资格初审。医院根据报考人员通过邮箱提报的报名资料，进行资格初审。对于通过资格初审的人员，医院以短信、电子邮件等方式告知报考人员，报考人员收到后要及时回复。通过资格初审的考生要密切关注招聘网站发布的招聘工作公告；笔试开考比例按照招聘岗位(硕士研究生1:2)确定，对最终初审通过的考生人数达不到计划聘用人数比例的招聘岗位，计划聘用l人的，取消聘用计划；计划聘用2人及以上的，按岗位要求的比例相应核减聘用计划。被取消招聘岗位的报考人员，可在规定时间内改报其他符合条件的岗位。
2.现场审核。现场资格审核安排在面试前进行，应聘人员需按照招聘岗位要求，提交本人资格初审上传材料的原件及复印件，如发生现场资格复审结果与网上初审结果不一致的现象，以现场审核结果为准。现场资格复审未通过、未按规定时间进行现场资格复审的，取消面试资格。
3.资格审查贯穿招聘全过程，在任一环节发现与报名条件不符或弄虚作假的，立即取消考试资格，已聘任的予以解聘。其责任由报考者自负。
三、考试内容和方法
招聘采取笔试、面试方式。笔试、面试均采取百分制计算成绩。
1.笔试。笔试只考一科，由招聘单位根据专业不同分设考试科目。主要考察从事岗位的专业知识。笔试不指定专门教材。为保证新进人员基本素质，笔试设定最低合格分数线，由招聘单位根据岗位招聘人数和笔试情况研究确定。按照招聘岗位和招聘计划（以核减后为准），根据笔试分数由高分到低分按1:3的比例确定进入面试人员。最后一名如有数名考生笔试成绩相同，一并确定为参加面试人选，达不到招聘比例的，按实有合格人数确定。笔试人数出现空缺的岗位，取消招聘计划。笔试成绩在招聘医院和潍坊市卫健委网站查询。
笔试时间与《准考证》打印时间将一并在招聘医院和潍坊市卫健委网站另行通知，请广大考生注意关注网站信息。
2.面试。根据岗位特点，采取结构化面试、专业技能测试、面谈交流、情景模拟及实际操作等方式进行，主要考察应聘人员的综合素质和专业工作技能。为保证新进人员素质，面试设最低分数线70分，低于70分的不得进入考察体检范围，面试成绩于本场面试结束后在考点公布。
面试通知及有关要求将在招聘医院和潍坊市卫健委网站另行通知，请广大考生注意关注。
3.总成绩计算与排名
面试结束后，按笔试成绩、面试成绩4:6的比例计算考试总成绩。成绩计算到小数点后两位数，尾数四舍五入。
对面试成绩不低于最低合格分数线的人员，根据考试总成绩，分岗位由高分到低分确定排名顺序。如同一个招聘岗位出现应聘人员考试总成绩相同，则按笔试成绩由高分到低分确定排名顺序;笔试成绩仍相同的岗位，进行加试排名。
四、考察和体检
根据考试总成绩排名顺序，按1:1的比例确定进入考察体检范围的人员，由招聘单位组织考察体检，其中应届毕业生的考察体检在按期毕业后进行。
因考察体检不合格、弃权原因造成空缺的岗位，可从应聘同一岗位的人员中，按考试总成绩排名顺序依次等额递补。递补次数由招聘单位研究决定，原则上不超过两次。
考察可采取多种形式，全面了解被考察对象的思想政治表现、道德品质、业务能力、工作实绩等方面的情况，并对应聘人员是否符合岗位招聘条件、提供相关材料是否真实准确等进行复审。考察必须实事求是、客观公正地评价被考察对象，并形成书面考察意见。
体检一般应在县级以上综合性医院进行，体检费用由考生承担，体检标准和项目参照《关于修订〈公务员录用体检通用标准（试行）〉及〈公务员录用体检操作手册（试行）〉有关内容的通知》（人社部发〔2016〕140号）执行，国家另有规定的从其规定。体检时，对于已经怀孕的应聘人员，可延期进行胸透等检查项目。对按规定需要复检的，不得在原体检医院进行，复检只能进行1次，结果以复检结论为准。应聘人员未按规定时间、地点参加体检的，视为放弃。
五、公示和聘用
对考察、体检合格的拟聘用人员，在招聘单位和市卫健委网站进行公示，公示期为7个工作日。公示期间有异议的，招聘单位按照有关规定调查处理，作出结论。公示期满，对没有问题或者反映问题不影响聘用的，由招聘单位提出聘用意见，市卫健委审核同意后报市人社局审批办理聘用手续。对反映问题影响聘用并查实的，不予聘用。
拟聘用人员名单公示后，如有空缺不再进行递补。
新聘用人员按规定实行试用期制度，试用期包括在聘用合同期限内。试用期按照国家、省有关规定执行。新聘用人员试用期满合格的原则上按照招聘岗位类别及层次聘用；不合格的解除聘用合同。
按照国家规定，新聘用的无执业资格护理人员必须于1年内取得执业资格，否则予以解聘。
六、有关待遇
本次招聘人员，均属于控制总量内人员。根据山东省机构编制委员会办公室、山东省人力资源和社会保障厅《关于公立医院人员控制总量备案有关事项的通知》（鲁编办〔2016〕28号）等规定落实有关保障待遇。符合条件的享受《中共潍坊市委潍坊市人民政府印发<关于支持人才创新创业的若干政策>的通知》、潍坊市人民政府办公室《关于推进中医药人才队伍高质量发展的若干措施》和《中共潍坊市委办公室潍坊市人民政府办公室关于印发 <潍坊市人才安居工程实施意见> 的通知》等文件规定待遇。
七、其他
本次公开招聘考试不指定考试教材和辅导用书，不举办也不委托任何机构举办考试辅导班。招聘全程接受纪检部门及社会各界监督。
应聘人员应仔细阅读招聘公告及附件，及时了解招聘网站发布的最新信息，进入面试范围人员要保持通讯畅通有效，因本人原因错过招聘程序的，责任自负。
应聘人员要严格遵守公开招聘的相关政策规定，遵从招聘单位的统一安排，在应聘过程中不服从正常工作安排、无理取闹、扰乱正常招聘工作秩序的，将对其作出取消考试、聘用资格的处理。对违反公开招聘纪律的应聘人员，按照《事业单位公开招聘违纪违规行为处理规定》(中华人民共和国人力资源和社会保障部令第35号)处理，对招聘工作中存在不诚信情形的应聘人员，纳入事业单位公开招聘违纪违规与诚信档案库。
其他未尽事宜，按照事业单位公开招聘的相关规定执行。
本公告由潍坊市精神卫生中心负责解释。
有关网站和联系电话：
1.潍坊市精神卫生中心官方网站和咨询电话：http://www.wfjsws.com/，0536-7620358
2.潍坊市卫生健康委员会官方网站和咨询电话：
http://wsjkw.weifang.gov.cn，0536-8090281
 
附件：
1.《2020年潍坊市精神卫生中心公开招聘工作人员职位表》
2.《2020年潍坊市精神卫生中心公开招聘工作人员报名登记表》
3.《应聘事业单位工作人员诚信承诺书》
4.《2020年潍坊市精神卫生中心公开招聘工作人员报名汇总表》
               
 
                潍坊市精神卫生中心
                2020年6月16日"
 2020-06-16,2020年潍坊市妇幼保健院公开招聘工作人员公告,http://wsjkw.weifang.gov.cn/ZWDT/TZGG/202006/t20200616_5622164.htm," 根据《事业单位人事管理条例》（国务院令第652号）、《事业单位公开招聘人员暂行规定》（人事部令第6号）和省、市有关规定，2020年潍坊市妇幼保健院面向社会公开招聘工作人员39名（详见《2020年潍坊市妇幼保健院公开招聘工作人员职位表》，现公告如下：
一、范围与条件
（一）具有中华人民共和国国籍；
（二）遵守宪法和法律；
（三）具有良好的品行；
（四）岗位要求的专业或技能条件；
（五）适应岗位要求的身体条件；
（六）应聘人员年龄一般不超过40周岁（1980年6月28日以后出生）。其中，岗位要求为博士研究生或具有中级专业技术职务的年龄一般不超过45周岁（1975年6月28日以后出生）；岗位要求为具有高级专业技术职务的年龄一般不超过50周岁（1970年6月28日以后出生）；
（七）应聘医疗岗位人员，如已完成医师执业注册，执业范围必须与应聘岗位相匹配；
（八）具备招聘岗位要求的其它资格条件。国内应届毕业生须于2020年7月31日以前（博士研究生于2020年12月31日以前）取得应聘岗位要求的学历学位证书等材料;国(境)外高校应届毕业生须在2020年8月31日以前取得应聘岗位要求的学历学位证书、教育部留学服务中心出具的学历学位认证等材料。
定向、委培毕业生报考，须征得定向、委培单位同意；曾受过刑事处罚和曾被开除公职的人员、在读全日制普通高校非应届毕业生、现役军人以及法律法规规定不得聘用的其他情形的人员不得应聘，在读全日制普通高校非应届毕业生不能用已取得的学历学位作为条件应聘。高校毕业生在校期间的社会实践、实习、兼职等不作为工作经历，工作经历年限按足年足月累计，截止时间为2020年6月28日。
二、报名与资格审查
（一）报名时间。2020年6月28日8:00—6月30日17:00。报名时间截止后提报的报名邮件无效。
（二）报名要求。采取网上报名方式。应聘人员下载并如实填写《2020年潍坊市妇幼保健院公开招聘工作人员报名登记表》、《应聘事业单位工作人员诚信承诺书》，填写完毕确认无误后，连同应聘人员提交的相关材料在规定时间（ 2020年6月28日8:00-6月30日17:00）内发送至医院电子邮箱fy8089026@163.com，报名电子文档命名格式“报名岗位+姓名+电话”。每人限报一个岗位,仅限投递一次邮件。
应聘人员提交的相关材料包括：
（1）《2020年潍坊市妇幼保健院公开招聘工作人员报名登记表》，须附本人电子照片(近期正面免冠，纯色背景、面部清晰可辨、jpg格式、大小15—45k)
（2）本人签字的《应聘事业单位工作人员诚信承诺书》
（3）身份证
（4）学历学位证书
（5）职称资格证书（有职称要求的岗位提供）
（6）工作经历证明（单位人事管理部门出具）
（7）执业资格证书
（8）派遣报到证或就业通知书、就业推荐表
（9）在校期间成绩单（免笔试的博士考生提供）
（10）发表的论文及科研材料和获得的荣誉奖励（免笔试的考生提供）
（11）留学回国人员须出具国家教育部门的学历学位认证证明
（12）招聘岗位有“研究方向”要求的须提供高校教务部门或研究生处（院）出具的专业研究方向证明
（13）已经签订就业协议书的毕业生和已参加工作人员需提交原就业单位出具的单位同意报考证明信（对出具确有困难的，最迟应当在体检前出具）
（14）岗位要求的其他证明材料
以上材料按照顺序制作成一个PDF文档，与《2020年潍坊市妇幼保健院公开招聘工作人员报名汇总表》Excel文档，一并上传至所报考单位的指定邮箱。  
 应聘人员须用第二代居民身份证信息报名，报名与考试使用身份证及信息必须一致。提交的信息必须真实、准确、完整，能够体现招聘岗位的要求。因提交信息不及时、不准确、不完整、不符合要求影响报名的，由应聘人员本人承担相应后果。应聘人员的信息、材料不实或者不符合招聘条件的，一经查实，立即取消应聘资格。
应聘人员在应聘期间的表现，将作为公开招聘考察的重要内容之一。
（三）资格审查。
招聘医院负责对报考人员进行资格审查。
1.资格初审。医院根据报考人员通过邮箱提报的报名资料进行资格初审。对于通过资格初审的人员，医院以短信、电子邮件等方式告知报考人员，报考人员收到后要及时回复。通过资格初审的考生要密切关注招聘网站发布的招聘工作公告；笔试开考比例按照招聘计划与报名人数（博士、高级专业技术职称1:1，硕士1:2，其他岗位1:3）确定，对最终初审通过的考生人数达不到计划聘用人数比例的招聘岗位，计划聘用l人的，取消聘用计划；计划聘用2人及以上的，按岗位要求的比例相应核减聘用计划。被取消招聘岗位的报考人员，可在规定时间内改报其他符合条件的岗位。
2.现场审核。现场资格审核安排在面试前进行，应聘人员需按照招聘岗位要求，提交本人资格初审上传材料的原件及复印件，如发生现场资格复审结果与网上初审结果不一致的现象，以现场审核结果为准。现场资格复审未通过、未按规定时间进行现场资格复审的，取消面试资格。
3.资格审查贯穿招聘全过程，在任一环节发现与报名条件不符或弄虚作假的，立即取消考试资格，已聘任的予以解聘。其责任由报考者自负。
三、考试内容和方法
招聘高级职称专业技术人员、博士，采取面试（面谈交流、专家评议）方式，免笔试；其他人员招聘，均采取笔试、面试方式。笔试、面试均采取百分制计算成绩。
1.笔试。笔试只考一科，由招聘单位根据专业不同分设考试科目。主要考察从事岗位的专业知识。笔试不指定专门教材。为保证新进人员基本素质，笔试设定最低合格分数线，由招聘单位根据岗位招聘人数和笔试情况研究确定。按照招聘岗位和招聘计划（以核减后为准），根据笔试分数由高分到低分按1:3的比例确定进入面试人员，其中招聘岗位10人（含）以上的，按1:2的比例（其中招聘计划为10－14人的，进入面试人员统一确定为28人，岗位要求有特殊规定的，从其规定）。最后一名如有数名考生笔试成绩相同，一并确定为参加面试人选，达不到招聘比例的，按实有合格人数确定。笔试人数出现空缺的岗位，取消招聘计划。笔试成绩在招聘医院和潍坊市卫健委网站查询。
笔试时间与《准考证》打印时间将一并在招聘医院和潍坊市卫健委网站另行通知，请广大考生注意关注网站信息。
2.面试。根据岗位特点，采取结构化面试、专业技能测试、面谈交流、情景模拟及实际操作等方式进行，主要考察应聘人员的综合素质和专业工作技能。为保证新进人员素质，面试设最低分数线70分，低于70分的不得进入考察体检范围，面试成绩于本场面试结束后在考点公布。
面试通知及有关要求将在招聘医院和潍坊市卫健委网站另行通知，请广大考生注意关注。
3.总成绩计算与排名
面试结束后，按笔试成绩、面试成绩4:6的比例计算考试总成绩。成绩计算到小数点后两位数，尾数四舍五入。
对面试成绩不低于最低合格分数线的人员，根据考试总成绩，分岗位由高分到低分确定排名顺序。如同一个招聘岗位出现应聘人员考试总成绩相同，则按笔试成绩由高分到低分确定排名顺序;笔试成绩仍相同的岗位，进行加试排名。
四、考察和体检
根据考试总成绩排名顺序，按1:1的比例确定进入考察体检范围的人员，由招聘单位组织考察体检，其中应届毕业生的考察体检在按期毕业后进行。
因考察体检不合格、弃权原因造成空缺的岗位，可从应聘同一岗位的人员中，按考试总成绩排名顺序依次等额递补。递补次数由招聘单位研究决定，原则上不超过两次。
考察可采取多种形式，全面了解被考察对象的思想政治表现、道德品质、业务能力、工作实绩等方面的情况，并对应聘人员是否符合岗位招聘条件、提供相关材料是否真实准确等进行复审。考察必须实事求是、客观公正地评价被考察对象，并形成书面考察意见。
体检一般应在县级以上综合性医院进行，体检费用由考生承担，体检标准和项目参照《关于修订〈公务员录用体检通用标准（试行）〉及〈公务员录用体检操作手册（试行）〉有关内容的通知》（人社部发〔2016〕140号）执行，国家另有规定的从其规定。体检时，对于已经怀孕的应聘人员，可延期进行胸透等检查项目。对按规定需要复检的，不得在原体检医院进行，复检只能进行1次，结果以复检结论为准。应聘人员未按规定时间、地点参加体检的，视为放弃。
五、公示和聘用
对考察、体检合格的拟聘用人员，在招聘单位和市卫健委网站进行公示，公示期为7个工作日。公示期间有异议的，招聘单位按照有关规定调查处理，作出结论。公示期满，对没有问题或者反映问题不影响聘用的，由招聘单位提出聘用意见，市卫健委审核同意后报市人社局审批办理聘用手续。对反映问题影响聘用并查实的，不予聘用。
拟聘用人员名单公示后，如有空缺不再进行递补。
新聘用人员按规定实行试用期制度，试用期包括在聘用合同期限内。试用期按照国家、省有关规定执行。新聘用人员试用期满合格的原则上按照招聘岗位类别及层次聘用；不合格的解除聘用合同。
六、有关待遇
1、本次招聘人员，均属于控制总量内人员。根据山东省机构编制委员会办公室、山东省人力资源和社会保障厅《关于公立医院人员控制总量备案有关事项的通知》（鲁编办〔2016〕28号）等规定落实有关保障待遇。符合条件的享受《中共潍坊市委潍坊市人民政府印发<关于支持人才创新创业的若干政策>的通知》、潍坊市人民政府办公室《关于推进中医药人才队伍高质量发展的若干措施》和《中共潍坊市委办公室潍坊市人民政府办公室关于印发 <潍坊市人才安居工程实施意见> 的通知》等文件规定待遇。
2、博士研究生可纳入潍坊医学院编制管理。
七、其他
本次公开招聘考试不指定考试教材和辅导用书，不举办也不委托任何机构举办考试辅导班。招聘全程接受纪检部门及社会各界监督。
应聘人员应仔细阅读招聘公告及附件，及时了解招聘网站发布的最新信息，进入面试范围人员要保持通讯畅通有效，因本人原因错过招聘程序的，责任自负。
应聘人员要严格遵守公开招聘的相关政策规定，遵从招聘单位的统一安排，在应聘过程中不服从正常工作安排、无理取闹、扰乱正常招聘工作秩序的，将对其作出取消考试、聘用资格的处理。对违反公开招聘纪律的应聘人员，按照《事业单位公开招聘违纪违规行为处理规定》(中华人民共和国人力资源和社会保障部令第35号)处理，对招聘工作中存在不诚信情形的应聘人员，纳入事业单位公开招聘违纪违规与诚信档案库。
其他未尽事宜，按照事业单位公开招聘的相关规定执行。
本公告由潍坊市妇幼保健院负责解释。
有关网站和联系电话：
1.潍坊市妇幼保健院官方网站和咨询电话：http://www.fybjy.com，0536-8089026
2.潍坊市卫生健康委员会官方网站和咨询电话：
http://wsjkw.weifang.gov.cn，0536-8090281
 
附件：
1.《2020年潍坊市妇幼保健院公开招聘工作人员职位表》
2.《2020年潍坊市妇幼保健院公开招聘工作人员报名登记表》
3.《应聘事业单位工作人员诚信承诺书》
4.《2020年潍坊市妇幼保健院公开招聘工作人员报名汇总表》
                 潍坊市妇幼保健院 
                                        2020年6月16日"
 2020-06-16,2020年潍坊市中医院公开招聘工作人员公告,http://wsjkw.weifang.gov.cn/ZWDT/TZGG/202006/t20200616_5622161.htm," 
根据《事业单位人事管理条例》（国务院令第652号）、《事业单位公开招聘人员暂行规定》（人事部令第6号）和省、市有关规定，2020年潍坊市中医院面向社会公开招聘工作人员301名（详见《2020年潍坊市中医院公开招聘工作人员职位表》，现公告如下：
一、范围与条件
（一）具有中华人民共和国国籍；
（二）遵守宪法和法律；
（三）具有良好的品行；
（四）岗位要求的专业或技能条件；
（五）适应岗位要求的身体条件；
（六）应聘人员年龄一般不超过40周岁（1980年6月28日以后出生）。其中，岗位要求为博士研究生或具有中级专业技术职务的年龄一般不超过45周岁（1975年6月28日以后出生）；岗位要求为具有高级专业技术职务的年龄一般不超过50周岁（1970年6月28日以后出生）；
（七）应聘医疗岗位人员，如已完成医师执业注册，执业范围必须与应聘岗位相匹配；
（八）具备招聘岗位要求的其它资格条件。国内应届毕业生须在2020年7月31日及以前（博士研究生2020年12月31日前）取得应聘岗位要求的学历学位证书等材料;国(境)外高校应届毕业生须在2020年8月31日及以前取得应聘岗位要求的学历学位证书、教育部留学服务中心出具的学历学位认证等材料。
定向、委培毕业生报考，须征得定向、委培单位同意；曾受过刑事处罚和曾被开除公职的人员、在读全日制普通高校非应届毕业生、现役军人以及法律法规规定不得聘用的其他情形的人员不得应聘，在读全日制普通高校非应届毕业生不能用已取得的学历学位作为条件应聘。高校毕业生在校期间的社会实践、实习、兼职等不作为工作经历，工作经历年限按足年足月累计，截止时间为2020年6月28日。
二、报名与资格审查
（一）报名时间。2020年6月28日8:00—6月30日17:00。报名时间截止后提报的报名邮件无效。
（二）报名要求。采取网上报名方式。应聘人员下载并如实填写《2020年潍坊市中医院公开招聘工作人员报名登记表》、《应聘事业单位工作人员诚信承诺书》，填写完毕确认无误后，连同应聘人员提交的相关材料在规定时间（2020年6月28日8:00—6月30日17:00）内发送至所报考医院电子邮箱。zyy2020zp@163.com，报名电子文档命名格式“报名岗位+姓名+电话”。每人限报一个岗位,仅限投递一次邮件。
应聘人员提交的相关材料包括：
（1）《2020年潍坊市中医院公开招聘工作人员报名登记表》，须附本人电子照片(近期正面免冠，纯色背景、面部清晰可辨、jpg格式、大小15—45k)
（2）本人签字的《应聘事业单位工作人员诚信承诺书》
（3）身份证
（4）学历学位证书
（5）职称资格证书（有职称要求的岗位提供）
（6）工作经历证明（单位人事管理部门出具）
（7）执业资格证书（护理专业可暂不提供，但报名人员必须具备护理职业资格考试报名条件）
（8）派遣报到证或就业通知书、就业推荐表
（9）在校期间成绩单（免笔试的博士考生提供）
（10）发表的论文及科研材料和获得的荣誉奖励（免笔试的考生提供）
（11）留学回国人员须出具国家教育部门的学历学位认证证明
（12）招聘岗位有“研究方向”要求的须提供高校教务部门或研究生处（院）出具的专业研究方向证明
（13）已经签订就业协议书的毕业生和已参加工作人员需提交原就业单位出具的单位同意报考证明信（对出具确有困难的，最迟应当在体检前出具）
（14）岗位要求的其他证明材料
以上材料按照顺序制作成一个PDF文档，与《2020年潍坊市中医院公开招聘工作人员报名汇总表》Excel文档，一并上传至所报考单位的指定邮箱。  
 应聘人员须用第二代居民身份证信息报名，报名与考试使用身份证及信息必须一致。提交的信息必须真实、准确、完整，能够体现招聘岗位的要求。因提交信息不及时、不准确、不完整、不符合要求影响报名的，由应聘人员本人承担相应后果。应聘人员的信息、材料不实或者不符合招聘条件的，一经查实，立即取消应聘资格。
应聘人员在应聘期间的表现，将作为公开招聘考察的重要内容之一。
（三）资格审查。
招聘医院负责对报考人员进行资格审查。
1.资格初审。医院根据报考人员通过邮箱提报的报名资料进行资格初审。对于通过资格初审的人员，医院以短信、电子邮件等方式告知报考人员，报考人员收到后要及时回复；通过资格初审的考生要密切关注招聘网站发布的招聘工作公告。笔试开考比例按照招聘岗位（博士、高级专业技术职称1:1，硕士、护理本科1:2，其他岗位1:3）确定，对最终初审通过的考生人数达不到计划聘用人数比例的招聘岗位，计划聘用l人的，取消聘用计划；计划聘用2人及以上的，按岗位要求的比例相应核减聘用计划。被取消招聘岗位的报考人员，可在规定时间内改报其他符合条件的岗位。
2.现场审核。现场资格审核安排在面试前进行，应聘人员需按照招聘岗位要求，提交本人资格初审上传材料的原件及复印件，如发生现场资格复审结果与网上初审结果不一致的现象，以现场审核结果为准。现场资格复审未通过、未按规定时间进行现场资格复审的，取消面试资格。
3.资格审查贯穿招聘全过程，在任一环节发现与报名条件不符或弄虚作假的，立即取消考试资格，已聘任的予以解聘。其责任由报考者自负。
三、考试内容和方法
招聘高级职称专业技术人员、博士，采取面试（面谈交流、专家评议）方式，免笔试；其他人员招聘，均采取笔试、面试方式。笔试、面试均采取百分制计算成绩。
1.笔试。笔试只考一科，由招聘单位根据专业不同分设考试科目。主要考察从事岗位的专业知识。笔试不指定专门教材。为保证新进人员基本素质，笔试设定最低合格分数线，由招聘单位根据岗位招聘人数和笔试情况研究确定。按照招聘岗位和招聘计划（以核减后为准），根据笔试分数由高分到低分按1:3的比例确定进入面试人员，其中招聘岗位10人（含）以上的，按1:2的比例（其中招聘计划为10－14人的，进入面试人员统一确定为28人，岗位要求有特殊规定的，从其规定）。最后一名如有数名考生笔试成绩相同，一并确定为参加面试人选，达不到招聘比例的，按实有合格人数确定。笔试人数出现空缺的岗位，取消招聘计划。笔试成绩在招聘医院和潍坊市卫健委网站查询。
笔试时间与《准考证》打印时间将一并在招聘医院和潍坊市卫健委网站另行通知，请广大考生注意关注网站信息。
2.面试。根据岗位特点，采取结构化面试、专业技能测试、面谈交流、情景模拟及实际操作等方式进行，主要考察应聘人员的综合素质和专业工作技能。为保证新进人员素质，面试设最低分数线70分，低于70分不得进入考察体检范围，面试成绩于本场面试结束后在考点公布。
面试通知及有关要求将在招聘医院和潍坊市卫健委网站另行通知，请广大考生注意关注。
3.总成绩计算与排名
面试结束后，按笔试成绩、面试成绩4:6的比例计算考试总成绩。成绩计算到小数点后两位数，尾数四舍五入。
对面试成绩不低于最低合格分数线的人员，根据考试总成绩，分岗位由高分到低分确定排名顺序。如同一个招聘岗位出现应聘人员考试总成绩相同，则按笔试成绩由高分到低分确定排名顺序;笔试成绩仍相同的岗位，进行加试排名。
四、考察和体检
根据考试总成绩排名顺序，按1:1的比例确定进入考察体检范围的人员，由招聘单位组织考察体检，其中应届毕业生的考察体检在按期毕业后进行。
因考察体检不合格、弃权原因造成空缺的岗位，可从应聘同一岗位人员中，按考试总成绩排名顺序依次等额递补。递补次数由招聘单位研究决定，原则上不超过两次。
考察可采取多种形式，全面了解被考察对象的思想政治表现、道德品质、业务能力、工作实绩等方面的情况，并对应聘人员是否符合岗位招聘条件、提供相关材料是否真实准确等进行复审。考察必须实事求是、客观公正地评价被考察对象，并形成书面考察意见。
体检一般应在县级以上综合性医院进行，体检费用由考生承担，体检标准和项目参照《关于修订〈公务员录用体检通用标准（试行）〉及〈公务员录用体检操作手册（试行）〉有关内容的通知》（人社部发〔2016〕140号）执行，国家另有规定的从其规定。体检时，对于已经怀孕的应聘人员，可延期进行胸透等检查项目。对按规定需要复检的，不得在原体检医院进行，复检只能进行1次，结果以复检结论为准。应聘人员未按规定时间、地点参加体检的，视为放弃。
五、公示和聘用
对考察、体检合格的拟聘用人员，在招聘单位和市卫健委网站进行公示，公示期为7个工作日。公示期间有异议的，招聘单位按照有关规定调查处理，作出结论。公示期满，对没有问题或者反映问题不影响聘用的，由招聘单位提出聘用意见，市卫健委审核同意后报市人社局审批办理聘用手续。对反映问题影响聘用并查实的，不予聘用。
拟聘用人员名单公示后，如有空缺不再进行递补。
新聘用人员按规定实行试用期制度，试用期包括在聘用合同期限内。试用期按照国家、省有关规定执行。新聘用人员试用期满合格的原则上按照招聘岗位类别及层次聘用；不合格的解除聘用合同。
按照国家规定，新聘用的无执业资格护理人员必须于1年内取得执业资格，否则予以解聘。
六、有关待遇
本次招聘人员，均属于控制总量内人员。根据山东省机构编制委员会办公室、山东省人力资源和社会保障厅《关于公立医院人员控制总量备案有关事项的通知》（鲁编办〔2016〕28号）等规定落实有关保障待遇。符合条件的享受《中共潍坊市委潍坊市人民政府印发<关于支持人才创新创业的若干政策>的通知》、潍坊市人民政府办公室《关于推进中医药人才队伍高质量发展的若干措施》和《中共潍坊市委办公室潍坊市人民政府办公室关于印发 <潍坊市人才安居工程实施意见> 的通知》等文件规定待遇。
七、其他
本次公开招聘考试不指定考试教材和辅导用书，不举办也不委托任何机构举办考试辅导班。招聘全程接受纪检部门及社会各界监督。
应聘人员应仔细阅读招聘公告及附件，及时了解招聘网站发布的最新信息，进入面试范围人员要保持通讯畅通有效，因本人原因错过招聘程序的，责任自负。
应聘人员要严格遵守公开招聘的相关政策规定，遵从招聘单位的统一安排，在应聘过程中不服从正常工作安排、无理取闹、扰乱正常招聘工作秩序的，将对其作出取消考试、聘用资格的处理。对违反公开招聘纪律的应聘人员，按照《事业单位公开招聘违纪违规行为处理规定》(中华人民共和国人力资源和社会保障部令第35号)处理，对招聘工作中存在不诚信情形的应聘人员，纳入事业单位公开招聘违纪违规与诚信档案库。
其他未尽事宜，按照事业单位公开招聘的相关规定执行。
本公告由潍坊市中医院负责解释。
有关网站和联系电话：
1.潍坊市中医院官方网站和咨询电话：http://www.wfszyy.com，0536-8190012、8190016          
2.潍坊市卫生健康委员会官方网站和咨询电话：
http://wsjkw.weifang.gov.cn，0536-8090281
附件：
1.《2020年潍坊市中医院公开招聘工作人员职位表》
2.《2020年潍坊市中医院公开招聘工作人员报名登记表》
3.《应聘事业单位工作人员诚信承诺书》
4.《2020年潍坊市中医院公开招聘工作人员报名汇总表》
 
                              潍坊市中医院 
2020年6月16日"
 2020-06-16,2020年潍坊市人民医院公开招聘工作人员公告,http://wsjkw.weifang.gov.cn/ZWDT/TZGG/202006/t20200616_5622159.htm," 
根据《事业单位人事管理条例》（国务院令第652号）、《事业单位公开招聘人员暂行规定》（人事部令第6号）和省、市有关规定，2020年潍坊市人民医院面向社会公开招聘工作人员352名（详见《2020年潍坊市人民医院公开招聘工作人员职位表》，现公告如下：
一、范围与条件
（一）具有中华人民共和国国籍；
（二）遵守宪法和法律；
（三）具有良好的品行；
（四）岗位要求的专业或技能条件；
（五）适应岗位要求的身体条件；
（六）应聘人员年龄一般不超过40周岁（1980年6月28日以后出生）。其中，岗位要求为博士研究生或具有中级专业技术职务的年龄一般不超过45周岁（1975年6月28日以后出生）；岗位要求为具有高级专业技术职务的年龄一般不超过50周岁（1970年6月28日以后出生）；
（七）应聘医疗岗位人员，如已完成医师执业注册，执业范围必须与应聘岗位相匹配；
（八）具备招聘岗位要求的其它资格条件。国内应届毕业生须于2020年7月31日以前（博士研究生于2020年12月31日以前）取得应聘岗位要求的学历学位证书等材料;国(境)外高校应届毕业生须在2020年8月31日以前取得应聘岗位要求的学历学位证书、教育部留学服务中心出具的学历学位认证等材料。
定向、委培毕业生报考，须征得定向、委培单位同意；曾受过刑事处罚和曾被开除公职的人员、在读全日制普通高校非应届毕业生、现役军人以及法律法规规定不得聘用的其他情形的人员不得应聘，在读全日制普通高校非应届毕业生不能用已取得的学历学位作为条件应聘。高校毕业生在校期间的社会实践、实习、兼职等不作为工作经历，工作经历年限按足年足月累计，截止时间为2020年6月28日。
二、报名与资格审查
（一）报名时间。2020年6月28日8:00—6月30日17:00。报名时间截止后提报的报名邮件无效。
（二）报名要求。采取网上报名方式。应聘人员下载并如实填写《2020年潍坊市人民医院公开招聘工作人员报名登记表》、《应聘事业单位工作人员诚信承诺书》，填写完毕确认无误后，连同应聘人员提交的相关材料在规定时间（ 2020年6月28日8:00—6月30日17:00）内发送至医院电子邮箱。（rlzyb2020zp@163.com），报名电子文档命名格式“报名岗位+姓名+电话”。每人限报一个岗位,仅限投递一次邮件。
应聘人员提交的相关材料包括：
（1）《2020年潍坊市人民医院公开招聘工作人员报名登记表》，须附本人电子照片(近期正面免冠，纯色背景、面部清晰可辨、jpg格式、大小15—45k)
（2）本人签字的《应聘事业单位工作人员诚信承诺书》
（3）身份证
（4）学历学位证书
（5）职称资格证书（有职称要求的岗位提供）
（6）工作经历证明（单位人事管理部门出具）
（7）执业资格证书（护理专业可暂不提供，但报名人员必须具备护理执业资格考试报名条件）
（8）派遣报到证或就业通知书、就业推荐表
（9）在校期间成绩单（免笔试的博士考生提供）
（10）发表的论文及科研材料和获得的荣誉奖励（免笔试的考生提供）
（11）留学回国人员须出具国家教育部门的学历学位认证证明
（12）招聘岗位有“研究方向”要求的须提供高校教务部门或研究生处（院）出具的专业研究方向证明
（13）已经签订就业协议书的毕业生和已参加工作人员需提交原就业单位出具的单位同意报考证明信（对出具确有困难的，最迟应当在体检前出具）
（14）岗位要求的其他证明材料
以上材料按照顺序制作成一个PDF文档，与《2020年潍坊市人民医院公开招聘工作人员报名汇总表》Excel文档，一并上传至所报考单位的指定邮箱。  
 应聘人员须用第二代居民身份证信息报名，报名与考试使用身份证及信息必须一致。提交的信息必须真实、准确、完整，能够体现招聘岗位的要求。因提交信息不及时、不准确、不完整、不符合要求影响报名的，由应聘人员本人承担相应后果。应聘人员的信息、材料不实或者不符合招聘条件的，一经查实，立即取消应聘资格。
应聘人员在应聘期间的表现，将作为公开招聘考察的重要内容之一。
（三）资格审查。
招聘医院负责对报考人员进行资格审查。
1.资格初审。医院根据报考人员通过邮箱提报的报名资料进行资格初审。对于通过资格初审的人员，医院以短信、电子邮件等方式告知报考人员，报考人员收到后要及时回复。通过资格初审的考生要密切关注招聘网站发布的招聘工作公告；笔试开考比例按照招聘岗位（博士、高级专业技术职称1:1，硕士、护理本科1:2，其他岗位1:3）确定，对最终初审通过的考生人数达不到计划聘用人数比例的招聘岗位，计划聘用l人的，取消聘用计划；计划聘用2人及以上的，按岗位要求的比例相应核减聘用计划。被取消招聘岗位的报考人员，可在规定时间内改报其他符合条件的岗位。
2.现场审核。现场资格审核安排在面试前进行，应聘人员需按照招聘岗位要求，提交本人资格初审上传材料的原件及复印件，如发生现场资格复审结果与网上初审结果不一致的现象，以现场审核结果为准。现场资格复审未通过、未按规定时间进行现场资格复审的，取消面试资格。
3.资格审查贯穿招聘全过程，在任一环节发现与报名条件不符或弄虚作假的，立即取消考试资格，已聘任的予以解聘。其责任由报考者自负。
三、考试内容和方法
招聘高级职称专业技术人员、博士，采取面试（面谈交流、专家评议）方式，免笔试；其他人员招聘，均采取笔试、面试方式。笔试、面试均采取百分制计算成绩。
1.笔试。笔试只考一科，由招聘单位根据专业不同分设考试科目。主要考察从事岗位的专业知识。笔试不指定专门教材。为保证新进人员基本素质，笔试设定最低合格分数线，由招聘单位根据岗位招聘人数和笔试情况研究确定。按照招聘岗位和招聘计划（以核减后为准），根据笔试分数由高分到低分按1:3的比例确定进入面试人员，其中招聘岗位10人（含）以上的，按1:2的比例（其中招聘计划为10－14人的，进入面试人员统一确定为28人，岗位要求有特殊规定的，从其规定）。最后一名如有数名考生笔试成绩相同，一并确定为参加面试人选，达不到招聘比例的，按实有合格人数确定。笔试人数出现空缺的岗位，取消招聘计划。笔试成绩在招聘医院和潍坊市卫健委网站查询。
笔试时间与《准考证》打印时间将一并在招聘医院和潍坊市卫健委网站另行通知，请广大考生注意关注网站信息。
2.面试。根据岗位特点，采取结构化面试、专业技能测试、面谈交流、情景模拟及实际操作等方式进行，主要考察应聘人员的综合素质和专业工作技能。为保证新进人员素质，面试设最低分数线70分，低于70分的不得进入考察体检范围，面试成绩于本场面试结束后在考点公布。
面试通知及有关要求将在招聘医院和潍坊市卫健委网站另行通知，请广大考生注意关注。
3.总成绩计算与排名
面试结束后，按笔试成绩、面试成绩4:6的比例计算考试总成绩。成绩计算到小数点后两位数，尾数四舍五入。
对面试成绩不低于最低合格分数线的人员，根据考试总成绩，分岗位由高分到低分确定排名顺序。如同一个招聘岗位出现应聘人员考试总成绩相同，则按笔试成绩由高分到低分确定排名顺序;笔试成绩仍相同的岗位，进行加试排名。
四、考察和体检
根据考试总成绩排名顺序，按1:1的比例确定进入考察体检范围的人员，由招聘单位组织考察体检，其中应届毕业生的考察体检在按期毕业后进行。
因考察体检不合格、弃权原因造成空缺的岗位，可从应聘同一岗位的人员中，按考试总成绩排名顺序依次等额递补。递补次数由招聘单位研究决定，原则上不超过两次。
考察可采取多种形式，全面了解被考察对象的思想政治表现、道德品质、业务能力、工作实绩等方面的情况，并对应聘人员是否符合岗位招聘条件、提供相关材料是否真实准确等进行复审。考察必须实事求是、客观公正地评价被考察对象，并形成书面考察意见。
体检一般应在县级以上综合性医院进行，体检费用由考生承担，体检标准和项目参照《关于修订〈公务员录用体检通用标准（试行）〉及〈公务员录用体检操作手册（试行）〉有关内容的通知》（人社部发〔2016〕140号）执行，国家另有规定的从其规定。体检时，对于已经怀孕的应聘人员，可延期进行胸透等检查项目。对按规定需要复检的，不得在原体检医院进行，复检只能进行1次，结果以复检结论为准。应聘人员未按规定时间、地点参加体检的，视为放弃。
五、公示和聘用
对考察、体检合格的拟聘用人员，在招聘单位和市卫健委网站进行公示，公示期为7个工作日。公示期间有异议的，招聘单位按照有关规定调查处理，作出结论。公示期满，对没有问题或者反映问题不影响聘用的，由招聘单位提出聘用意见，市卫健委审核同意后报市人社局审批办理聘用手续。对反映问题影响聘用并查实的，不予聘用。
拟聘用人员名单公示后，如有空缺不再进行递补。
新聘用人员按规定实行试用期制度，试用期包括在聘用合同期限内。试用期按照国家、省有关规定执行。新聘用人员试用期满合格的原则上按照招聘岗位类别及层次聘用；不合格的解除聘用合同。
按照国家规定，新聘用的无执业资格护理人员必须于1年内取得执业资格，否则予以解聘。
六、有关待遇
1、本次招聘人员，均属于控制总量内人员。根据山东省机构编制委员会办公室、山东省人力资源和社会保障厅《关于公立医院人员控制总量备案有关事项的通知》（鲁编办〔2016〕28号）等规定落实有关保障待遇。符合条件的享受《中共潍坊市委潍坊市人民政府印发<关于支持人才创新创业的若干政策>的通知》、潍坊市人民政府办公室《关于推进中医药人才队伍高质量发展的若干措施》和《中共潍坊市委办公室潍坊市人民政府办公室关于印发 <潍坊市人才安居工程实施意见> 的通知》等文件规定待遇。
2、博士研究生可协商纳入潍坊医学院编制管理。
七、其他
本次公开招聘考试不指定考试教材和辅导用书，不举办也不委托任何机构举办考试辅导班。招聘全程接受纪检部门及社会各界监督。
应聘人员应仔细阅读招聘公告及附件，及时了解招聘网站发布的最新信息，进入面试范围人员要保持通讯畅通有效，因本人原因错过招聘程序的，责任自负。
应聘人员要严格遵守公开招聘的相关政策规定，遵从招聘单位的统一安排，在应聘过程中不服从正常工作安排、无理取闹、扰乱正常招聘工作秩序的，将对其作出取消考试、聘用资格的处理。对违反公开招聘纪律的应聘人员，按照《事业单位公开招聘违纪违规行为处理规定》(中华人民共和国人力资源和社会保障部令第35号)处理，对招聘工作中存在不诚信情形的应聘人员，纳入事业单位公开招聘违纪违规与诚信档案库。
其他未尽事宜，按照事业单位公开招聘的相关规定执行。
本公告由潍坊市人民医院负责解释。
有关网站和联系电话：
1.潍坊市人民医院官方网站和咨询电话：http://www.wfph.cn，0536-8192016、8192017
2.潍坊市卫生健康委员会官方网站和咨询电话：
http://wsjkw.weifang.gov.cn，0536-8090281
 
附件：
1.《2020年潍坊市人民医院公开招聘工作人员职位表》
2.《2020年潍坊市人民医院公开招聘工作人员报名登记表》
3.《应聘事业单位工作人员诚信承诺书》
4.《2020年潍坊市人民医院公开招聘工作人员报名汇总表》
                        潍坊市人民医院 
                2020年6月16日"
 2020-06-15,关于对山东省名老中医、名中医药专家、基层名中医候选人进行公示的通知,http://wsjkw.weifang.gov.cn/YWZT/ZYGL/202006/t20200615_5621183.htm,具体内容见附件
 2020-05-29,潍坊市实施医务人员职业安全责任保险项目公告,http://wsjkw.weifang.gov.cn/ZWDT/TZGG/202005/t20200529_5613205.htm," 
长期以来，广大医务人员在医疗战线上辛勤耕耘、无私奉献，特别是新冠肺炎疫情发生以来，全市卫生健康系统医务人员第一时间投入到疫情防控和医疗救治工作中。广大医务人员舍小家、顾大家，始终把人民群众生命安全和身体健康放在第一位，为疫情防控和救治工作做出了巨大的贡献。
为切实提高医务人员的人身安全保障水平，解决他们的后顾之忧，针对医务人员在职业过程中可能出现的恶性意外事故（如：伤医等恶性事件）、在与疾病战斗过程中可能被感染等人身安全风险，潍坊市卫生健康委委托保险经纪顾问江泰保险经纪股份有限公司山东潍坊分公司设计完善建立医务人员职业安全责任保险机制，依法委托有资质的招标公司按照法定程序，通过竞争性磋商确定了中标承保单位为中国人寿财产保险股份有限公司潍坊市中心支公司。潍坊市卫生健康委希望借此为全市各级各类医疗机构医务人员提供人身安全保障服务平台，各单位可根据自身实际情况，自愿组织参保。
 
                                  2020年5月29日
 "
 2020-04-22,国家卫生健康委员会医师资格考试委员会公告,http://wsjkw.weifang.gov.cn/ZWDT/TZGG/202004/t20200422_5590141.htm," 2020年 第2号 
   根据国家医师资格考试整体工作安排，2020年医师资格考试实践技能考试时间延后一个月进行，即临床类别7月10日至23日、中医类别7月11日至19日、口腔类别7月11日至19日、乡村全科执业助理医师7月23日至29日、公共卫生类别7月11日至12日举行。医师资格考试医学综合考试时间安排不变。
 
            国家卫生健康委员会
            医师资格考试委员会
           2020年4月21日
 
 "
 2020-04-21,关于发布《潍坊市心理咨询服务机构量化评估指南（试行）》《潍坊市心理咨询服务机构量化评估标准》的公告,http://wsjkw.weifang.gov.cn/YWZT/JBFK/202004/t20200421_5589698.htm,"
    根据《山东省精神卫生条例》《中共潍坊市委办公室潍坊市人民政府办公室关于印发<潍坊市社会心理服务体系建设试点实施方案>的通知》（潍办字〔2019〕93号）文件精神，市卫健委研究制订了《潍坊市心理咨询服务机构量化评估指南（试行）》《潍坊市心理咨询服务机构量化评估标准》，自发布之日起施行。
 
     
                                       潍坊市卫生健康委员会
                                         2020年4月17日
"
 2020-04-17,关于我市面向社会提供新冠病毒核酸检测机构的公示,http://wsjkw.weifang.gov.cn/YWZT/WSYJ/202004/t20200417_5588769.htm,"为满足社会化新冠病毒核酸检测需求，现将可进行核酸检测样本采集的医疗机构名单公示如下，请有意愿进行核酸检测的组织机构或个人前往相关医疗机构采样检测。由于医疗机构承担政府指令性检测任务，检测能力有限，请有检测需求的人员提前电话预约。
潍坊医学院附属医院，地址：潍坊市奎文区虞河路2428号，联系电话：0536-3081579；
潍坊市人民医院，地址：潍坊市奎文区广文街151号，联系电话：0536-8675672；
潍坊市中医院，地址：潍坊市奎文区潍州路1055号，联系电话：0536-8190152；
潍坊市第二人民医院，地址：潍坊市奎文区院校街7号，联系电话：18863033268；
阳光融和医院，地址：潍坊市高新区樱前街9000号，联系电话：0536-6960282；
潍坊市益都中心医院，地址：青州市玲珑山南路4138号，联系电话：0536-3279143/3279421；
安丘市人民医院，地址：安丘市学府街159号，联系电话：0536-4262676/4261703；
高密市人民医院，地址：高密市镇府街西77号，联系电话：18563626279；
高密市中医院，地址：高密市凤凰大街588号，联系电话：0536-2367305；
寿光市人民医院，地址：寿光市健康街1233号，联系电话：0536-5230075；
诸城市人民医院，地址：诸城市南环路59号，联系电话：0536-6357131；
昌邑市人民医院，地址：昌邑市利民街636号，联系电话：0536-7210592；
临朐县人民医院，地址：临朐县县城山旺路438号，联系电话：18678019055；
昌乐县人民医院，地址：昌乐县城利民街278号，联系电话：0536-6222822/6298201。
 
 
                                                     潍坊市卫生健康委员会
                                                       2020年4月17日
"
 2020-04-17,关于“山东战‘疫’最美医务工作者”推荐人选的公示,http://wsjkw.weifang.gov.cn/ZWDT/TZGG/202004/t20200422_5590146.htm,"


　　根据中共山东省委宣传部、山东省卫生健康委员会《关于开展“山东战‘疫’最美医务工作者”评选工作的通知》（鲁卫宣传字〔2020〕5号）精神，按照突出一线的原则，在基层推荐、各级组织把关的基础上，经认真评审，决定提报王海波、刘德辉、曾宪华为“山东战‘疫’最美医务工作者”推荐人选，现公示如下： 
　　1.王海波  潍坊市人民医院重症医学科主任 
　　2.刘德辉  潍坊市疾病预防控制中心微生物检验科科长 
　　3.曾宪华  阳光融和医院胸肺中心副主任 
　　公示期为2020年4月17日-4月23日，如对上述推荐人选有异议，请及时向潍坊市卫生健康委员会反馈。 
　　监督电话：8091107  8091095 
　　电子邮箱：wfwjwxckad@wf.shandong.cn 
　　  
　　　　　　　                                 潍坊市卫生健康委员会 
　　　　　　　　　　　　　　　　　　                             2020年4月17日 

"
 2020-04-17,2019年潍坊市卫生健康委员会直属事业单位（市妇幼保健院）公开招聘（第三批）拟聘用人员公示,http://wsjkw.weifang.gov.cn/ZWDT/TZGG/202004/t20200417_5588453.htm,"根据《2019年潍坊市卫生健康委员会直属事业单位公开招聘公告（第三批）》相关规定，经报名、资格审核、笔试、面试、考察和体检等程序，拟聘用6名同志（名单见附件）为潍坊市妇幼保健院工作人员，现予公示，公示期为2020年4月17日至4月23日。 
通讯地址:潍坊市高新区东风东街6396号阳光大厦19楼东区。 
邮政编码:261061；联系电话：0536-8090288，8090329。 
附件：2019年潍坊市卫生健康委员会直属事业单位（市妇幼保健院）公开招聘（第三批）拟聘用人员公示名单 
 
 
 
 
 
                            潍坊市卫生健康委员会
                                2020年4月17日
 "
 2020-04-10,我市新增1例无症状感染病例,http://wsjkw.weifang.gov.cn/ZWDT/TZGG/202004/t20200410_5585599.htm,"
陈某某，女，55岁，湖北省黄石市人，现居潍坊市奎文区大虞街道东庄社区东泰花园小区。3月28日22时，乘私家车从湖北到潍坊，一直居家隔离。4月8日，市疾控中心核酸检测，结果阳性；血清抗体检测，IgG阳性。4月9日凌晨，收住定点医院隔离观察治疗，经专家会诊，确定为新冠肺炎无症状感染者。
现已排查到密切接触者6人，均为其家人，无发热等症状。其他密切接触者正在排查中。
"
 2020-04-07,2019年潍坊市卫生健康委员会直属事业单位（市人民医院）公开招聘（第三批）拟聘用人员更正公示,http://wsjkw.weifang.gov.cn/YWZT/RSGL/202004/t20200407_5584051.htm,"
根据《2019年潍坊市卫生健康委员会直属事业单位公开招聘公告（第三批）》相关规定，经报名、资格审核、笔试、面试、考察和体检等程序，潍坊市人民医院拟聘用眼科医师更正为王红，准考证号：191011707，现予公示，公示期自2020年4月7日至4月13日。
　　通讯地址:潍坊市高新区东风东街6396号阳光大厦19楼东区
邮政编码: 261061
联系电话：0536-8090288，8090329。
　　
 
                                                       潍坊市卫生健康委员会
　　                                                      2020年4月7日
 "
 2020-04-01,关于征求《关于贯彻健康中国行动推进健康潍坊建设的实施方案（征求意见稿）》意见的函,http://wsjkw.weifang.gov.cn/YWZT/XXHJS/202004/t20200401_5582005.htm,"


  
　　为贯彻落实《山东省人民政府关于贯彻健康中国行动推进健康山东建设的实施意见》（鲁政发〔2019〕15号）文件精神，根据市领导批示意见，我委联合有关部门，结合我市实际起草了《关于贯彻健康中国行动推进健康潍坊建设的实施方案（征求意见稿）》。为进一步提高方案的科学化、民主化水平，问计于民，集思广益，市卫生健康委决定向社会公开征求意见和建议。诚挚邀请社会各界和广大群众对《“关于贯彻健康中国行动推进健康潍坊建设的实施方案（征求意见稿）》提出意见建议，。 
　 
　　邮  箱：wfwjwghxxkad@wf.shandong.cn。 
　　 
　　
　　                                              潍坊市卫生健康委 
　　                                               2020年4月1日    

"
 2020-04-01,2019年潍坊市卫生健康委员会直属事业单位（市中医院）公开招聘（第三批）拟聘用人员公示,http://wsjkw.weifang.gov.cn/YWZT/RSGL/202004/t20200401_5581368.htm,"

　　根据《2019年潍坊市卫生健康委员会直属事业单位公开招聘公告（第三批）》相关规定，经报名、资格审核、笔试、面试、考察和体检等程序，拟聘用64名同志（名单见附件）为潍坊市中医院工作人员，现予公示，公示期为2020年4月1日至4月8日。 
　　通讯地址:潍坊市高新区东风东街6396号阳光大厦19楼东区。 
　　邮政编码:261061；联系电话：0536-8090288，8090329。 
　　附件：2019年潍坊市卫生健康委员会直属事业单位（市中医院）公开招聘（第三批）拟聘用人员公示名单 
　　  
　　                                                                                 潍坊市卫生健康委员会 
　　                                                                                    2020年4月1日 
"
 2020-03-30,2019年潍坊市卫生健康委员会直属事业单位（市人民医院）公开招聘（第三批）拟聘用人员公示,http://wsjkw.weifang.gov.cn/ZWDT/TZGG/202003/t20200330_5579855.htm," 
根据《2019年潍坊市卫生健康委员会直属事业单位公开招聘公告（第三批）》相关规定，经报名、资格审核、笔试、面试、考察和体检等程序，拟聘用110名同志（具体名单附后）为潍坊市人民医院工作人员，现予公示，公示期自2020年3月30日至4月8日。
　　通讯地址:潍坊市高新区东风东街6396号阳光大厦19楼东区
　　邮政编码: 261061；联系电话：0536-8090288，8090329。
　　
    附件：2019年潍坊市卫生健康委员会直属事业单位（市人民医院）公开招聘（第三批）拟聘用人员名单
　
                                                       潍坊市卫生健康委员会
　　                                                      2020年3月30日
 "
 2020-03-30,2019年潍坊市卫生健康委员会直属事业单位（市人民医院）公开招聘（第二批）拟聘用人员公示,http://wsjkw.weifang.gov.cn/YWZT/RSGL/202003/t20200330_5579853.htm," 
根据《2019年潍坊市卫生健康委员会直属事业单位公开招聘公告（第二批）》相关规定,考生闫长敏、龚芳因体检时怀孕，体检延期进行。妊娠期后经补检、考察均合格，拟聘用为潍坊市人民医院工作人员，现予以公示，公示期自2020年3月30日至4月8日。
公示期间，如对公示人员有异议，个人或单位可以书面形式进行反映，反映问题者须提供真实姓名（单位）、联系电话和通讯地址，以便及时反馈。　　　
监督电话：0536-8090288。
　　
                                                       潍坊市卫生健康委员会
　　                                                      2020年3月30日
 "
 2020-03-19,关于2020年国家医师资格考试报名考生网上上传材料的通知,http://wsjkw.weifang.gov.cn/ZWDT/TZGG/202003/t20200319_5575793.htm,"
各位考生： 
　　受新冠肺炎疫情影响，2020年国家医师资格考试山东考区现场审核工作采用网上审核方式，我市的审核时间为3月20日至3月27日。请考生自3月20日起登陆国家医学考试网（http://www.nmec.org.cn/）上传相关的材料，具体操作流程详见附件。逾期未上传相关材料的，视为放弃考试报名。
　　各报名点咨询电话 
　　奎文区：2516686 2516687 2516685   
　　潍城区：8188753  8188658 
　　坊子区： 7660676 
　　寒亭区：7907510 
　　青州市： 3221054 
　　诸城市：15653623793  15653621970 
　　寿光市：15725066155 
　　安丘市：4258192  15589665197 
　　高密市：2323245 
　　昌邑市：5590693 
　　临朐县：3166895  15650297990 
　　昌乐县：6255052  6221579 
　　高新区：8787001 
　　市人民医院：8192018 
　　市中医院：8190165 
　　市妇幼保健院：8089016 
　　潍坊医学院附属医院：3081118 
　　潍坊考点咨询电话：西医：0536-7516976，中医：8090321。 
  
　　附件：《国家医学考试（山东）考生服务系统考生操作指南》 
　　  
　　                                           潍坊市卫生健康委员会 
　　                                             2020年3月19日 
  "
 2020-03-11,致全市广大医务工作者的慰问信,http://wsjkw.weifang.gov.cn/ZWDT/TZGG/202003/t20200311_5572377.htm,"全市广大医务工作者：
　　欣闻我市44例新冠肺炎确诊病例全部清零，这是我市疫情防控取得阶段性胜利的重要标志。市委、市政府代表全市人民，向你们作出的巨大贡献表示衷心感谢！向你们及家人表示诚挚慰问！为你们取得的优异成绩感到由衷骄傲！
　　在这场没有硝烟的疫情防控阻击战面前，你们不忘初心、牢记使命，挺身而出、主动担当，冲锋在前、奋不顾身，始终战斗在第一线、最前沿，用生命和汗水护佑了人民群众生命安全和身体健康。市新冠肺炎集中救治中心、市人民医院、阳光融和医院、市第二人民医院、潍坊医学院附属医院、市中医院、临朐县人民医院、寿光市人民医院、诸城市人民医院、高密市人民医院、昌邑市人民医院、昌乐县人民医院、安丘市人民医院、益都中心医院、青州市人民医院等定点医疗机构精心组织、科学调配，积极防控、全力救治，为全市战“疫”作出了突出贡献。广大基层医务工作者夜以继日、废寝忘食，及时发现并医治患者，规范管控密切接触者、重点人群和高危人群，做了大量艰苦细致的工作。广大疾控工作者不辞劳苦、加班加点，精准甄别患者、精准检测样本，完成大量流行病学调查和核酸检测任务，为全市战“疫”发挥了不可替代的作用。在一线承担医疗救治任务的医护人员，直接面对确诊患者，临危不惧、昼夜奋战，呕心沥血、甘于奉献，冒着随时可能被感染的巨大风险，肩负和死神作斗争的高难度高强度救治任务，把自身安危和家中亲人抛在一边，全身心投入救治战斗；为患者逐一制定诊疗方案，积极采取集中救治、专家会诊、远程协作、中西医结合等科学有效的方法，给予精准施救；以对人民无限热爱的精神，主动为有需求的患者提供耐心细致的生活照料，服务态度和服务质量胜过亲人，以感人至深的实际行动体现了医者仁心、大爱无疆的职业道德，为全市战“疫”作出了不可磨灭的贡献。在你们身上，充分展现了我市医务工作者的高尚情操、精湛医术、优良作风！你们不愧是新时代护佑人民健康的忠诚卫士！不愧是疫情防控阻击战中的钢铁战士！不愧是全市各行各业干部群众学习的榜样典范！
　　战“疫”还在继续，我们仍需努力！随着生产生活秩序恢复，“外防输入”压力增大，疫情形势依然复杂严峻。希望广大医务工作者继续发挥抗击疫情先锋队和主力军作用，保持良好工作状态，坚定信心，团结奋斗，努力夺取最后的全面胜利。市委、市政府将认真落实国家和省、市出台的相关政策，用心用力为一线医务人员办好实事，当好医务工作者的坚强后盾。我们坚信，有以习近平同志为核心的党中央英明决策，有省委、省政府的坚强领导，全市人民一定能够同心同德、携手奋战，夺取疫情防控和经济社会发展“双胜利”！
　　衷心祝愿广大医务工作者及家人平安、健康、顺利！


                                                                                                           中共潍坊市委
                                                                                                           潍坊市人民政府
                                                                                                           2020年3月9日"
 2020-03-10,关于领取2019年医师资格证书的通知,http://wsjkw.weifang.gov.cn/ZWDT/TZGG/202003/t20200310_5571213.htm,"各位考生：
         2019年考取的医师资格证书将于3月15日前发放到各县市区卫生健康局和市直有关单位。自3月16日起，请携带有效身份证件领取。市人民医院医疗部（含脑科医院）（电话8192018）、市中医院医疗部（电话8190168）、市妇幼保健院医务科（电话8089016）、市市直机关医院医务科（电话8590607）、潍坊市精神卫生中心医务科（电话7620227）、潍坊市第六人民医院院办（电话8367117）、潍坊医学院附属医院教科部（电话3081126）的考生请到本单位相关科室领取，其他考生请到当地卫生健康行政部门领取，联系电话：奎文区2516687；潍城区8188658；坊子区7660676；寒亭区7281729；青州市3221054；诸城市6152609；寿光市5678059；安丘市4258192；高密市2323245；昌邑市5590693；临朐县3166895；昌乐县6278608；高新区8787001；滨海区5331263；峡山区7731166；经济区8167525。
         咨询电话：7516976。
                                                                                                                                   潍坊市卫生健康委
                                                                                                                                       2020年3月9日"
 2020-03-09,我市新冠肺炎确诊患者全部出院,http://wsjkw.weifang.gov.cn/ZWDT/TZGG/202003/t20200309_5570434.htm,"
3月8日，我市又有4名新冠肺炎确诊患者出院，实现了确诊患者住院清零、密切接触者医学观察清零、医务人员零感染。
自1月23日我市确诊首例病例，至2月16日后无新发病例。累计确诊的新冠肺炎44例，经医患双方共同努力，已全部出院。
累计追踪到密切接触者1023人，已全部解除医学观察，医务人员实现“零感染”。
"
 2020-03-07,我市又有六名新冠肺炎确诊患者出院  无新增确诊病例,http://wsjkw.weifang.gov.cn/ZWDT/TZGG/202003/t20200307_5570336.htm,"
3月6日0-24时，我市又有6名新冠肺炎确诊患者出院，累计出院40例，无新增确诊病例。
截至3月6日24时，我市累计确诊新冠肺炎44例，出院40例，在院隔离治疗4例。按病例确诊时医院所在县市区统计，奎文区26例（出院25例）、诸城市4例（出院2例）、寿光市1例（出院1例）、安丘市1例（出院1例）、高密市2例（出院2例）、昌邑市1例、临朐县3例（出院3例）、昌乐县6例（出院6例）。
累计追踪到密切接触者1023人，解除医学观察1020人，尚有3人正在接受医学观察。
"
 2020-03-05,我市又有两名新冠肺炎确诊患者出院  无新增确诊病例,http://wsjkw.weifang.gov.cn/ZWDT/TZGG/202003/t20200305_5569541.htm,"
3月4日0-24时，我市又有2名新冠肺炎确诊患者出院，累计出院33例，无新增确诊病例。
截至3月4日24时，我市累计确诊新冠肺炎44例，出院33例，在院隔离治疗11例，其中1名重症,其他患者病情稳定。按病例确诊时医院所在县市区统计，奎文区26例（出院20例）、诸城市4例（出院1例）、寿光市1例（出院1例）、安丘市1例（出院1例）、高密市2例（出院1例）、昌邑市1例、临朐县3例（出院3例）、昌乐县6例（出院6例）。
累计追踪到密切接触者1023人，解除医学观察1012人，尚有11人正在接受医学观察。
 
 
"
 2020-03-03,我市又有一名新冠肺炎确诊患者出院  无新增确诊病例,http://wsjkw.weifang.gov.cn/ZWDT/TZGG/202003/t20200303_5568803.htm,"
3月2日0-24时，我市又有1名新冠肺炎确诊患者出院，累计出院31例，无新增确诊病例。
截至3月2日24时，我市累计确诊新冠肺炎44例，出院31例，在院隔离治疗13例，其中1名重症,其他患者病情稳定。按病例确诊时医院所在县市区统计，奎文区26例（出院20例）、诸城市4例（出院1例）、寿光市1例（出院1例）、安丘市1例（出院1例）、高密市2例（出院1例）、昌邑市1例、临朐县3例（出院3例）、昌乐县6例（出院4例）。
累计追踪到密切接触者1023人，解除医学观察1012人，尚有11人正在接受医学观察。
 
 
"
 2020-03-02,我市已有30名新冠肺炎确诊患者出院  无新增确诊病例,http://wsjkw.weifang.gov.cn/ZWDT/TZGG/202003/t20200302_5568398.htm,"
截至3月1日24时，我市已有30名新冠肺炎确诊患者出院，无新增确诊病例。
我市累计确诊新冠肺炎44例，出院30例，在院隔离治疗14例，其中1名重症,其他患者病情稳定。按病例确诊时医院所在县市区统计，奎文区26例（出院19例）、诸城市4例（出院1例）、寿光市1例（出院1例）、安丘市1例（出院1例）、高密市2例（出院1例）、昌邑市1例、临朐县3例（出院3例）、昌乐县6例（出院4例）。
累计追踪到密切接触者1023人，解除医学观察1012人，尚有11人正在接受医学观察。
 
 
"
 2020-02-28,我市又有三名新冠肺炎确诊患者出院  无新增确诊病例,http://wsjkw.weifang.gov.cn/ZWDT/TZGG/202002/t20200228_5568013.htm,"
2月28日0-12时，我市又有三名新冠肺炎确诊患者出院，无新增确诊病例。至此，我市已有27名患者治愈出院。
截至28日12时，我市累计确诊新冠肺炎44例，出院27例，在院隔离治疗17例，其中1名重症,1名危重症，其他患者病情稳定。按病例确诊时医院所在县市区统计，奎文区26例（出院18例）、诸城市4例（出院1例）、寿光市1例（出院1例）、安丘市1例（出院1例）、高密市2例（出院1例）、昌邑市1例、临朐县3例（出院3例）、昌乐县6例（出院2例）。
累计追踪到密切接触者1023人，解除医学观察1009人，尚有14人正在接受医学观察。
"
 2020-02-25,我市又有两名新冠肺炎确诊患者出院  无新增确诊病例,http://wsjkw.weifang.gov.cn/ZWDT/TZGG/202002/t20200225_5566613.htm,"
2月25日0-12时，我市又有两名新冠肺炎确诊患者出院，无新增确诊病例。至此，我市已有24名患者出院。
截至25日12时，我市累计确诊新冠肺炎44例，出院24例，在院隔离治疗20例，其中1名重症,1名危重症，其他患者病情稳定。按病例确诊时医院所在县市区统计，奎文区26例（出院15例）、诸城市4例（出院1例）、寿光市1例（出院1例）、安丘市1例（出院1例）、高密市2例（出院1例）、昌邑市1例、临朐县3例（出院3例）、昌乐县6例（出院2例）。疑似病例报告2例。
累计追踪到密切接触者1023人，解除医学观察987人，尚有36人正在接受医学观察。
 
"
 2020-02-24,我市已有22名新冠肺炎患者出院,http://wsjkw.weifang.gov.cn/ZWDT/TZGG/202002/t20200224_5566055.htm,"
截至2月23日24时，我市已有22名新冠肺炎患者出院。23日0-24时，我市无新增新冠肺炎确诊病例。
截至23日24时，我市累计确诊新冠肺炎44例，在院隔离治疗22例，其中1名重症,1名危重症，其他患者病情稳定。按病例确诊时医院所在县市区统计，奎文区26例（出院14例）、诸城市4例（出院1例）、寿光市1例（出院1例）、安丘市1例（出院1例）、高密市2例、昌邑市1例、临朐县3例（出院3例）、昌乐县6例（出院2例）。疑似病例报告2例。
目前，累计追踪到密切接触者1023人，解除医学观察980人，尚有43人正在接受医学观察。
"
 2020-02-21,我市又有两名新冠肺炎确诊患者治愈出院  无新增确诊病例,http://wsjkw.weifang.gov.cn/ZWDT/TZGG/202002/t20200221_5565534.htm,"
2月20日，我市又有两名新冠肺炎确诊患者治愈出院。至此，我市已有17名患者治愈出院。
于某某，女，60岁，奎文区人，家住奎文区潍州路街道黄家社区，2月7日确诊。王某某，女，43岁，奎文区人，家住奎文区北苑街道金都社区，2月8日确诊。两名患者均收住潍坊市第二人民医院。在医患双方共同努力下，达到临床治愈，于2月20日康复出院。
2月20日，我市无新增确诊病例。
截至2月20日24时，我市共确诊44例新冠肺炎病例，隔离治疗27例，其中3名患者病情危重,其他患者病情稳定。疑似病例报告2例。
根据国家卫健委关于疫情信息报告的要求，按病例确诊时医院所在县市区统计。其中，奎文区26例（治愈11例）、诸城市4例、寿光市1例(治愈1例)、安丘市1例、高密市2例、昌邑市1例、临朐县3例（治愈3例）、昌乐县6例（治愈2例）。
目前，累计追踪到密切接触者1023人，解除医学观察922人，尚有101人正在接受医学观察。
 
"
 2020-02-20,我市又有一名新冠肺炎确诊患者治愈出院  无新增确诊病例,http://wsjkw.weifang.gov.cn/ZWDT/TZGG/202002/t20200220_5565133.htm,"
2月19日，我市又有一名新冠肺炎确诊患者治愈出院。至此，我市已有15名患者治愈出院。
于某某，男，27岁，奎文区人，家住奎文区大虞街道孙家社区，2月4日确诊。收住潍坊市新冠肺炎集中救治中心。在医患双方共同努力下，达到临床治愈，于2月19日康复出院。
2月19日，我市无新增确诊病例。
截至2月19日24时，我市共确诊44例新冠肺炎病例，隔离治疗29例，其中3名患者病情危重、1名重症患者转为普通型,其他患者病情稳定。疑似病例报告2例。
根据国家卫健委关于疫情信息报告的要求，按病例确诊时医院所在县市区统计。其中，奎文区26例（治愈9例）、诸城市4例、寿光市1例(治愈1例)、安丘市1例、高密市2例、昌邑市1例、临朐县3例（治愈3例）、昌乐县6例（治愈2例）。
目前，累计追踪到密切接触者1011人，解除医学观察904人，尚有107人正在接受医学观察。
"
 2020-02-19,我市又有三名新冠肺炎确诊患者治愈出院  无新增确诊病例,http://wsjkw.weifang.gov.cn/ZWDT/TZGG/202002/t20200219_5564833.htm,"
2月18日，我市又有三名新冠肺炎确诊患者治愈出院。至此，我市已有14名患者治愈出院。
辛某，男，24岁，安丘市人，家住安丘市兴安街道银杏社区，1月26日确诊。李某，男，24岁，昌乐县人，家住昌乐县乔官镇淳于社区，1月28日确诊。于某，女，26岁，奎文区人，家住奎文区潍州路街道黄家社区，2月7日确诊。在医患双方共同努力下，以上三名患者达到临床治愈，于2月18日康复出院。
2月18日，我市无新增确诊病例。
截至2月18日24时，我市共确诊44例新冠肺炎病例，隔离治疗30例，其中4名患者病情较重(两名病情稳定向好，两名危重),其他患者病情稳定。疑似病例报告2例。
根据国家卫健委关于疫情信息报告的要求，按病例确诊时医院所在县市区统计。其中，奎文区26例（治愈8例）、诸城市4例、寿光市1例(治愈1例)、安丘市1例、高密市2例、昌邑市1例、临朐县3例（治愈3例）、昌乐县6例（治愈2例）。
目前，累计追踪到密切接触者1004人，解除医学观察859人，尚有145人正在接受医学观察。
"
 2020-02-18,我市又有一名新冠肺炎确诊患者治愈出院  无新增确诊病例,http://wsjkw.weifang.gov.cn/ZWDT/TZGG/202002/t20200218_5564504.htm,"
2月17日，我市又有一名新冠肺炎确诊患者治愈出院。至此，我市已有11名患者治愈出院。
王某某，女，36岁，昌乐县人，家住昌乐县宝都街道西湖社区，2月8日确诊。收住潍坊市新冠肺炎集中救治中心。在医患双方共同努力下，达到临床治愈，于2月17日康复出院。
2月17日，我市无新增确诊病例。
截至2月17日24时，我市共确诊44例新冠肺炎病例，在院治疗33例，其中4名患者病情较重，其他患者病情稳定。疑似病例报告1例。
根据国家卫健委关于疫情信息报告的要求，按病例确诊时医院所在县市区统计。其中，奎文区26例（治愈6例）、诸城市4例、寿光市1例(治愈1例)、安丘市1例、高密市2例、昌邑市1例、临朐县3例（治愈3例）、昌乐县6例（治愈1例）。
目前，累计追踪到密切接触者1003人，解除医学观察843人，尚有160人正在接受医学观察。
"
 2020-02-17,我市又有一名新冠肺炎确诊患者治愈出院  新增1例确诊病例,http://wsjkw.weifang.gov.cn/ZWDT/TZGG/202002/t20200217_5564121.htm,"
2月16日，我市又有一名新冠肺炎确诊患者治愈出院。至此，我市已有10名患者治愈出院。
戴某某，男，48岁，奎文区人，家住奎文区北海路街道南湖南社区，2月5日确诊。收住潍坊市第二人民医院。在医患双方共同努力下，达到临床治愈，于2月16日康复出院。
16日，我市新增1例确诊病例。
第44例：李某某，女，75岁，昌乐县人,家住昌乐县红河镇张家楼村。系确诊病例的密切接触者。2月16日，确定为新冠肺炎确诊病例，临床分型为重型。有“高血压（极高危）”“脑梗死”病史。现收住阳光融和医院。已追踪到密切接触者6人，正在接受医学观察。
截至2月16日24时，我市共确诊44例新冠肺炎病例，在院治疗34例，其中4名患者病情较重，其他患者病情稳定。
根据国家卫健委关于疫情信息报告的要求，按病例确诊时医院所在县市区统计。其中，奎文区26例（治愈6例）、诸城市4例、寿光市1例(已治愈)、安丘市1例、高密市2例、昌邑市1例、临朐县3例（治愈3例）、昌乐县6例。
目前，累计追踪到密切接触者1003人，解除医学观察838人，尚有165人正在接受医学观察。
"
 2020-02-16,我市又有两名新冠肺炎确诊患者治愈出院  新增1例确诊病例,http://wsjkw.weifang.gov.cn/ZWDT/TZGG/202002/t20200216_5563920.htm,"
2月15日，我市又有两名新冠肺炎确诊患者治愈出院。至此，我市已有9名患者治愈出院。
李某，男，45岁，常住武汉，1月31日确诊。刘某某，女，1岁4个月，2月9日确诊。在医患双方共同努力下，两名患者达到临床治愈，于2月15日康复出院。
15日，我市新增1例确诊病例。
第43例：郭某某，男，31岁，烟台龙口市人，家住烟台市芝罘区幸福街道兴港社区，烟台市某学校教师。1月26日，自龙口到高密探亲。2月7日，因发热6天、胸闷到高密市人民医院就诊，收住隔离病房观察治疗。经核酸检测，结果阳性。2月15日，经专家组评估，确认为新冠肺炎确诊病例，临床分型为普通型。现已追踪到该患者的密切接触者34人，正在接受集中隔离医学观察。
截至2月15日24时，我市共确诊43例新冠肺炎病例，在院治疗34例，其中3名患者病情较重，其他患者病情稳定。疑似病例报告1例。
根据国家卫健委关于疫情信息报告的要求，按病例确诊时医院所在县市区统计。其中，奎文区25例（治愈5例）、诸城市4例、寿光市1例(已治愈)、安丘市1例、高密市2例、昌邑市1例、临朐县3例（治愈3例）、昌乐县6例。
目前，累计追踪到密切接触者1001人，解除医学观察838人，尚有163人正在接受医学观察。
"
 2020-02-15,我市又有一例确诊患者治愈出院  新增1例确诊病例,http://wsjkw.weifang.gov.cn/ZWDT/TZGG/202002/t20200215_5563783.htm,"
2月14日，我市首例输入性新冠肺炎患者王某，经临朐县人民医院治愈出院。至此，我市已有7名患者治愈出院。
王某，女，62岁，有武汉居住史，家住临朐县城关街道南关社区。1月23日，确诊为新冠肺炎，系我市首例输入性病例。在医患双方共同努力下，达到临床治愈，于2月14日康复出院。临朐县人民医院收治的3名新冠肺炎患者全部治愈出院。
14日，我市新增1例确诊病例。
第42例：崔某某，女，40岁，高新开发区人，家住高新区新城街道北苑社区，待业，系确诊病例的密切接触者。2月11日，在医学观察期间，因发热收住定点医院隔离治疗。2月14日，确诊为新冠肺炎，临床分型为轻型。现已追踪到该患者的密切接触者10人，正在接受医学观察，均无发热等症状。
截至2月14日24时，我市共确诊42例新冠肺炎病例，在院治疗35例，其中3名患者病情较重，其他患者为轻症。疑似病例报告2例。
根据国家卫健委关于疫情信息报告的要求，按病例确诊时医院所在县市区统计。其中，奎文区25例（治愈4例）、诸城市4例、寿光市1例、安丘市1例、高密市1例、昌邑市1例、临朐县3例（治愈3例）、昌乐县6例。
目前，累计追踪到密切接触者994人，解除医学观察803人，尚有191人正在接受医学观察。有关医院进行集中观察的医务人员，均无异常。
因张某芳隔离的某附属医院医务人员，经两次核酸检测为阴性，医学观察期满，全部解除隔离，无医务人员被感染。
"
 2020-02-14,我市1例新冠肺炎确诊患者治愈出院  无新增确诊病例,http://wsjkw.weifang.gov.cn/ZWDT/TZGG/202002/t20200214_5563419.htm,"
2月13日12-24时，我市1例新冠肺炎患者经潍坊市人民医院治疗，治愈出院。至此，我市已有6例患者治愈出院。
王某，男，34岁，在武汉工作，家住潍城区军埠口综合项目区。1月29日，确诊为新冠肺炎。在医患双方共同努力下，达到临床治愈，于2月13日康复出院。
13日12-24时，我市无新增确诊病例报告。
截至2月13日24时，我市共确诊41例新冠肺炎病例，在院治疗35例，其中3名患者病情较重，其他患者生命体征均稳定。疑似病例报告3例。
根据国家卫健委关于疫情信息报告的要求，按病例确诊时医院所在县市区统计。其中，奎文区24例（治愈4例）、诸城市4例、寿光市1例、安丘市1例、高密市1例、昌邑市1例、临朐县3例（治愈2例）、昌乐县6例。
目前，累计追踪到密切接触者984人，解除医学观察754人，尚有230人正在接受医学观察。有关医院进行集中观察的医务人员，均无异常。
 
"
 2020-02-13,我市新增3例新冠肺炎确诊患者,http://wsjkw.weifang.gov.cn/ZWDT/TZGG/202002/t20200213_5563269.htm,"
2月13日0-12时，我市新增3例新冠肺炎确诊患者。截至13日12时，共确诊41例，现隔离治疗36例，5例治愈出院。
第39例：孙某某，女，70岁，坊子区人，家住坊子区黄旗堡街道花坞村，系确诊病例的密切接触者。有“帕金森”等病史多年，行动不便。2月8日，经核酸检测筛查，结果阳性，确认为新冠肺炎无症状感染者，收住定点医院隔离治疗。2月12日，患者病情迅速变化，给予对症治疗，行有创机械通气。专家会诊，确认为新冠肺炎，临床分型为重型。
第40例：高某某，男，49岁，诸城市人，家住诸城市百尺河镇百尺河村。系确诊病例的密切接触者。2月12日，经核酸检测筛查，结果阳性。2月13日，经专家会诊，确认为新冠肺炎，临床分型为轻型。
第41例：管某某，女，55岁，诸城市人，家住诸城市百尺河镇百尺河村。系确诊病例的密切接触者。2月12日，经核酸检测筛查，结果阳性。2月13日，经专家会诊，确认为新冠肺炎，临床分型为轻型。
现已追踪到密切接触者21人，正在接受医学观察，均无发热等症状。
截至2月13日12时，我市共确诊41例新冠肺炎病例，在院治疗36例，其中3名患者病情较重，其他患者生命体征均稳定。疑似病例报告3例。
根据国家卫健委关于疫情信息报告的要求，按病例确诊时医院所在县市区统计。其中，奎文区24例（治愈3例）、诸城市4例、寿光市1例、安丘市1例、高密市1例、昌邑市1例、临朐县3例（治愈2例）、昌乐县6例。
目前，累计追踪到密切接触者979人，解除医学观察715人，尚有264人正在接受医学观察。有关医院进行集中观察的医务人员，均无异常。
"
 2020-02-13,我市1例新冠肺炎确诊患者治愈出院  无新增确诊病例,http://wsjkw.weifang.gov.cn/ZWDT/TZGG/202002/t20200213_5563129.htm,"
2月12日，我市1例新冠肺炎患者经临朐县人民医院治疗，治愈出院。至此，我市已有5例患者治愈出院。
刘某某，女，62岁，家住临朐县七贤镇。2月1日，确诊为新冠肺炎。在医患双方共同努力下，达到临床治愈，于2月12日下午康复出院。
12日，我市无新增确诊病例。
截至2月12日24时，我市共确诊38例新冠肺炎病例，在院治疗33例，其中2名患者病情较重，其他患者为轻症。疑似病例报告4例。
根据国家卫健委关于疫情信息报告的要求，按病例确诊时医院所在县市区统计。其中，奎文区23例（治愈3例）、诸城市2例、寿光市1例、安丘市1例、高密市1例、昌邑市1例、临朐县3例（治愈2例）、昌乐县6例。
目前，累计追踪到密切接触者979人，解除医学观察715人，尚有264人正在接受医学观察。有关医院进行集中观察的医务人员，均无异常。
"
 2020-02-13,潍坊市新冠肺炎集中救治中心启动运行,http://wsjkw.weifang.gov.cn/ZWDT/TZGG/202002/t20200213_5563125.htm,"
根据市委、市政府安排部署，在市卫健委的领导下，2月9日，全市新冠肺炎集中救治中心正式成立，统一收治全市新冠肺炎患者。救治中心位于阳光融和医院，由市人民医院牵头，抽调全市优秀医护人员，负责全市确诊病人救治工作。
为保障救治工作有序高效进行，市卫健委成立了救治中心管理委员会，统一指挥、统一管理、统一调度，按照“四集中”原则，对全市医疗资源进行统筹，对重症患者实行“一人一案”“一人一救治团队”“一人一领导小组”。管理委员会下设综合协调组、医疗救治组、院感防控组、后勤保障组、信息化组5个工作组，负责全市医疗救治资源的统筹调度，组织指导救治中心的医疗救治工作、院感防控、运行保障和信息化工作以及全市确诊病例的专家会诊和集中转运。
潍坊市人民医院作为救治中心主体责任单位，积极担当，迅速行动，信息联网、病房安置、防护物资配备等各项工作全部就绪。医院派出80余人的管理团队和医护人员团队，全力开展救治工作。2月11日下午，救治中心正式启用，当天转入4名患者接受治疗。2月12日，来自诸城、昌乐、昌邑三家人民医院的10名医护人员到达救治中心，加入救治专家团队。2月12日下午至13日凌晨，县市区6名患者有序转入，在中心接受治疗。
市卫健委将组织全市医疗卫生机构齐心协力、众志成城，全面加强防控，全力做好救治，坚决打赢疫情防控总体战、阻击战，为“健康潍坊”建设做出新的更大的贡献。
"
 2020-02-12,我市3例新冠肺炎确诊患者治愈出院  无新增确诊病例,http://wsjkw.weifang.gov.cn/ZWDT/TZGG/202002/t20200212_5562755.htm,"
2月11日，我市3例新冠肺炎患者经潍坊医学院附属医院治疗，治愈出院。至此，我市已有4例患者治愈出院。
患者张某某，男，45岁，经济开发区人，家住经济开发区万和社区金都花园小区。夏某某，男，33岁，奎文区人，家住奎文区大虞街道孙家社区江山帝景小区。陈某，女，31岁，奎文区人，家住奎文区大虞街道孙家社区江山帝景小区。以上3名患者均于2月2日确诊为新冠肺炎。在医患双方共同努力下，达到临床治愈，于11日上午康复出院。
11日，我市无新增确诊病例。
截至2020年2月11日24时，我市共确诊38例新冠肺炎病例，在院治疗34例，其中2名患者病情较重，其他患者生命体征均稳定。疑似病例报告2例。
根据国家卫健委关于疫情信息报告的要求，按病例确诊时医院所在县市区统计。其中，奎文区23例（治愈3例）、诸城市2例、寿光市1例、安丘市1例、高密市1例、昌邑市1例、临朐县3例（治愈1例）、昌乐县6例。
目前，累计追踪到密切接触者965人，解除医学观察684人，尚有281人正在接受医学观察。有关医院进行集中观察的医务人员，均无异常。
"
 2020-02-11,我市新增1例新冠肺炎确诊病例,http://wsjkw.weifang.gov.cn/ZWDT/TZGG/202002/t20200211_5562395.htm,"
2020年2月10日，我市新增1例新冠肺炎确诊病例。截至10日24时，共确诊38例，现隔离治疗37例，1例治愈出院。
第38例：刘某某，女，48岁，奎文区人，家住奎文区玉清街江山帝景小区。无业，无外出史。1月22日回昌乐县红河镇探亲，曾到第26例确诊病例王某某小卖部购物，但流行病学史不明显。2月8日因发热15天、咳嗽3天，到昌乐县人民医院就诊，收住隔离病房；2月10日确诊为新冠肺炎，临床分型为轻型，正在隔离治疗。
现已追踪到密切接触者19人，14人满医学观察期，5人正在接受医学观察，均无发热等症状。
截至2020年2月10日24时，我市共确诊38例新冠肺炎病例。根据国家卫健委关于疫情信息报告的要求，按病例确诊时医院所在县区统计。其中，奎文区23例、诸城市2例、寿光市1例、安丘市1例、高密市1例、昌邑市1例、临朐县3例（治愈1例）、昌乐县6例。有疑似病例2例。目前，1名患者治愈出院；1名患者病情较重，其他患者生命体征均稳定。
目前，累计追踪到密切接触者915人，解除医学观察684人，尚有231人正在接受医学观察。有关医院进行集中观察的医务人员，均无异常。
"
 2020-02-10,我市新增1例新冠肺炎确诊病例,http://wsjkw.weifang.gov.cn/ZWDT/TZGG/202002/t20200210_5561797.htm,"
2020年2月9日12-24时，我市新增1例新冠肺炎确诊病例。截至9日24时，共确诊37例，现隔离治疗36例，1例治愈出院。
第37例：刘某某，男，56岁，住坊子区黄旗堡街道花坞村，系2月5日确诊病例刘某某（47岁）的叔父、张某芳密切接触者的继发感染者。1月29日同刘某某（47岁）驾车到潍坊看望家属；1月30—31日因发热、扁桃体炎到黄旗堡街道卫生院就诊；2月1日—3日未外出；2月4日，因刘某某（47岁）被诊断为疑似病例而追踪到，接受隔离观察；2月9日确定为新冠肺炎病例，临床分型轻型。正在定点医院隔离治疗。
现已追踪到密切接触者12人，正在接受医学观察，均无发热等症状。
截至2020年2月9日24时，我市共确诊37例新冠肺炎病例。根据国家卫健委关于疫情信息报告的要求，按病例确诊时医院所在县区统计。其中，奎文区23例、诸城市2例、寿光市1例、安丘市1例、高密市1例、昌邑市1例、临朐县3例（治愈1例）、昌乐县5例。有疑似病例2例。目前，1名患者治愈出院；1名患者病情较重，其他患者生命体征均稳定。
目前，累计追踪到密切接触者880人，解除医学观察596人，尚有284人正在接受医学观察。有关医院进行集中观察的医务人员，均无异常。
"
 2020-02-09,我市新增2例新冠肺炎确诊病例,http://wsjkw.weifang.gov.cn/ZWDT/TZGG/202002/t20200209_5561705.htm,"
2020年2月9日0-12时，我市新增2例新冠肺炎确诊病例。截至9日12时，共确诊36例，现隔离治疗35例，1例治愈出院。新增病例分别是：
第35例：刘某某，男，35岁，在昌乐县电业公寓小区居住。系第26例确诊病例的女婿，第30例确诊病例的丈夫。曾于1月24日到昌乐县乐港公寓、1月25日到昌乐县东皋营村、1月26日到昌乐县张家楼村拜年。2月6日，因追踪密切接触者，发现其咳嗽、流涕3天，即收住定点医院隔离治疗。
第36例：刘某某，女，1岁4个月，在高新区铭海花园居住。系确诊病例韩某某的孙女。2月4日，收住定点医院隔离观察。
上述2名患者无域外活动史，经市疾控中心核酸检测和市级专家组评估，2月9日上午确诊。现已追踪到密切接触者21人，正在接受医学观察，均无发热等症状。其他密切接触者正在进一步追踪和调查中。
截至2020年2月9日12时，我市共确诊36例新冠肺炎病例。根据国家卫健委关于疫情信息报告的要求，按病例确诊时医院所在县区统计。其中，奎文区22例、诸城市2例、寿光市1例、安丘市1例、高密市1例、昌邑市1例、临朐县3例、昌乐县5例。有疑似病例3例。目前，1名患者治愈出院；1名患者病情较重，其他患者生命体征均稳定。
目前，累计追踪到密切接触者846人，解除医学观察560人，尚有286人正在接受医学观察。有关医院进行集中观察的医务人员，均无异常。
 "
 2020-02-09,我市1例新冠肺炎患者治愈出院 新增3例,http://wsjkw.weifang.gov.cn/ZWDT/TZGG/202002/t20200209_5561645.htm,"
我市1例新冠肺炎患者经临朐县人民医院治疗，于9日上午治愈出院。
患者刘某，女，36岁，1月22日收住临朐县人民医院隔离治疗；1月25日确诊为新冠肺炎。在医患双方共同努力下，2月8日达到临床治愈，于今日上午康复出院。
2020年2月8日12-24时，我市新增3例确诊病例。截至8日24时，共确诊34例，现隔离治疗33例。新增病例分别是：
第32例：王某某，女，43岁，奎文区人。2月5日，因发热、CT显示双肺炎症，收住定点医院隔离治疗。2月7日，经核酸检测，结果阳性。2月8日，经专家会诊，确认为确诊病例。
第33例：王某某，女，37岁，经济开发区人。系第26例确诊病例的女儿。2月6日，作为密切接触者收住定点医院隔离观察， CT显示左肺炎症。2月8日，核酸检测，结果阳性。经专家会诊，确认为确诊病例。
第34例：王某某，女，32岁，奎文区人。系第26例确诊病例的儿媳。2月6日，作为密切接触者收住定点医院隔离治疗观察，CT显示右肺炎症。2月8日，核酸检测，结果阳性。经专家会诊，确认为确诊病例。
上述3名患者无域外活动史，现已追踪到密切接触者42人，正在接受医学观察，均无发热等症状。
截至2020年2月8日24时，我市共确诊34例新冠肺炎病例。根据国家卫健委关于疫情信息报告的要求，按病例确诊时医院所在县区统计。其中，奎文区21例、诸城市2例、寿光市1例、安丘市1例、高密市1例、昌邑市1例、临朐县3例、昌乐县4例。有疑似病例3例。目前，1名患者治愈出院；1名患者病情较重，其他患者生命体征均稳定。
目前，累计追踪到密切接触者825人，解除医学观察538人，尚有287人正在接受医学观察。有关医院进行集中观察的医务人员，均无异常。
"
 2020-02-09,我市1例新冠肺炎患者治愈出院,http://wsjkw.weifang.gov.cn/ZWDT/TZGG/202002/t20200209_5561621.htm,"
我市1例新冠肺炎患者经临朐县人民医院治疗，于9日上午治愈出院。
患者刘某，女，36岁，1月22日收住临朐县人民医院隔离治疗；1月25日确诊为新冠肺炎。在医患双方共同努力下，2月8日达到临床治愈，于今日上午康复出院。
"
 2020-02-08,我市新增2例新冠肺炎确诊病例,http://wsjkw.weifang.gov.cn/ZWDT/TZGG/202002/t20200208_5561571.htm,"
2020年2月8日，我市新增2例新冠肺炎确诊病例。截至8日12时，我市共确诊31例。
第30例：王某某，女，36岁，昌乐县人。系第26例确诊病例的女儿。2月6日，作为密切接触者隔离观察。2月7日，经筛查性核酸检测，结果阳性，CT示双肺炎症，收住定点医院隔离治疗。2月8日，经专家会诊，确认为确诊病例。
第31例：孙某某，女，59岁，昌乐县人。系第26例确诊病例的妻子。2月6日，作为密切接触者收住定点医院隔离治疗，CT示右肺炎症。2月7日，经核酸检测，结果阳性。2月8日，经专家会诊，确认为确诊病例。
上述2名患者无域外活动史，现已追踪到密切接触者23人，正在接受医学观察，均无发热等症状。
截至2020年2月8日12时，我市共确诊31例新冠肺炎病例。其中，奎文区19例、诸城市2例、寿光市1例、安丘市1例、高密市1例、昌邑市1例、临朐县3例、昌乐县3例。有疑似病例4例。目前，1名患者病情较重，其他患者生命体征均稳定。
根据国家卫健委关于疫情信息报告按就诊机构所在地统计的要求，计入奎文区的19例病例分别为奎文区7例、潍城区1例、坊子区1例、安丘市1例、昌邑市1例、昌乐县1例、高新开发区4例、经济开发区3例。
目前，累计追踪到密切接触者825人，解除医学观察538人，尚有287人正在接受医学观察。有关医院进行集中观察的医务人员，均无异常。
"
 2020-02-08,我市新增2例新型冠状病毒感染的肺炎确诊病例,http://wsjkw.weifang.gov.cn/ZWDT/TZGG/202002/t20200208_5561479.htm,"
2020年2月7日，我市新增2例新型冠状病毒感染的肺炎确诊病例。截至7日24时，我市共确诊29例。
第28例：于某某，女，60岁，奎文区人，系确诊病例（夏某某）姨妈。2月3日，作为密切接触者隔离观察，无发热、咳嗽、腹泻等症状。2月5日，经筛查性核酸检测，结果阳性，被诊断为无症状感染，即收住定点医院隔离治疗。入院后检查，血常规示淋巴细胞低，CT示双肺炎症。2月7日，经专家会诊，确认为确诊病例。
第29例：于某，女，26岁，奎文区人，系确诊病例（夏某某）表妹。2月3日作为密切接触者隔离观察，无发热、咳嗽、腹泻等症状。2月5日，经筛查性核酸检测，结果阳性，被诊断为无症状感染，即收住定点医院隔离治疗。入院后检查，血常规示淋巴细胞低，CT示右肺炎症。2月7日，经专家会诊，确认为确诊病例。
上述2名患者无域外活动史，现已追踪到密切接触者11人，正在接受医学观察，均无发热等症状。
截至2020年2月7日24时，我市共确诊29例新型冠状病毒感染的肺炎病例。其中，奎文区19例、诸城市2例、寿光市1例、安丘市1例、高密市1例、昌邑市1例、临朐县3例、昌乐县1例。有疑似病例6例。目前，1名患者病情较重，其他患者生命体征均稳定。
根据国家卫健委关于疫情信息报告要求，计入奎文区的19例病例分别为奎文区7例、潍城区1例、坊子区1例、安丘市1例、昌邑市1例、昌乐县1例、高新开发区4例、经济开发区3例。
目前，累计追踪到密切接触者725人，解除医学观察392人，尚有333人正在接受医学观察。有关医院进行集中观察的医务人员，均无异常。
 
"
 2020-02-07,我市新增6例新型冠状病毒感染的肺炎确诊病例,http://wsjkw.weifang.gov.cn/ZWDT/TZGG/202002/t20200207_5561169.htm,"
2020年2月6日，我市新增6例新型冠状病毒感染的肺炎确诊病例。截至6日24时，我市共确诊27例。
第22例：刘某某，男，62岁，高新开发区人，非医务人员，系确诊病例（张某芳）密切接触者的再感染者。2月4日，追踪到后收住定点医院隔离病房。2月6日，进行筛查性核酸检测，结果阳性。经专家会诊，确认为确诊病例。
第23例：刘某，男，31岁，高新开发区人，非医务人员，系确诊病例（张某芳）密切接触者的再感染者。2月4日，追踪到后收住定点医院隔离病房。2月6日，进行筛查性核酸检测，结果阳性。经专家会诊，确认为确诊病例。
第24例：李某某，女，32岁，高新开发区人，非医务人员，系确诊病例（张某芳）密切接触者的再感染者。2月4日，追踪到后收住定点医院隔离病房。2月6日，进行筛查性核酸检测，结果阳性。经专家会诊，确认为确诊病例。
第25例：王某，男，34岁，坊子区人。2月3日，从湖北黄冈市辗转连云港到潍坊。2月5日，因高热收住定点医院隔离病房。2月6日，核酸检测结果阳性。经专家会诊，确认为确诊病例。
第26例：王某某，男，58岁，昌乐县人。2月1日，因发热收住定点医院。2月6日，核酸检测结果阳性。经专家会诊，确认为确诊病例。
第27例：王某某，男，34岁，经济开发区人，第26例王某某之子。2月6日，以密切接触者被追踪到后收住定点医院隔离病房。同日，进行筛查性核酸检测，结果阳性。经专家会诊，确认为确诊病例。
现已追踪到上述6名患者的密切接触者37人，正在接受医学观察，均无发热等症状。对在乘坐交通工具辗转途中的域外密切接触者，已通过各级疫情处置工作指挥部通报有关方面进行协查，采取相应措施。
截至2020年2月6日24时，我市共确诊27例新型冠状病毒感染的肺炎病例。其中，奎文区17例、诸城市2例，寿光市1例、安丘市1例、高密市1例、昌邑市1例、临朐县3例、昌乐县1例。有疑似病例1例。目前，1名患者病情较重，其他患者生命体征均稳定。
根据国家卫健委关于疫情信息报告要求，计入奎文区的17例病例分别为奎文区5例、潍城区1例、坊子区1例、安丘市1例、昌邑市1例、昌乐县1例、高新开发区4例、经济开发区3例。
目前，累计追踪到密切接触者644人，解除医学观察342人，尚有302人正在接受医学观察。某附属医院进行集中观察的医务人员，均无异常。
"
 2020-02-06,我市新增5例新型冠状病毒感染的肺炎确诊病例,http://wsjkw.weifang.gov.cn/ZWDT/TZGG/202002/t20200206_5560913.htm,"
2020年2月5日，我市新增5例新型冠状病毒感染的肺炎确诊病例。截至5日24时，我市共确诊21例。
刘某某，男，47 岁，济南市人，非医务人员，系新型冠状病毒感染的肺炎确诊病例（张某芳，公安已通报）密切接触者。2月2日，追踪到后收住定点医院隔离病房。2月4日，经核酸检测，结果阳性。2月5日，经专家会诊，确认为确诊病例。
韩某某，女，62 岁，高新开发区人，非医务人员，系新型冠状病毒感染的肺炎确诊病例（张某芳，公安已通报）密切接触者。2月2日，因发热7天到定点医院就诊，CT检查示双肺炎症，收住隔离病房。2月4日，经核酸检测，结果阳性。2月5日，经专家会诊，确认为确诊病例。
戴某某，男，48岁，奎文区人，非医务人员，系新型冠状病毒感染的肺炎确诊病例（张某芳，公安已通报）密切接触者。曾于1月21日与张某芳接触，同车20余分钟。1月25日开始发热，后缓解。2月4日，追踪到后收住定点医院隔离病房，经核酸检测，结果阳性。2月5日，经专家会诊，确认为确诊病例。
马某某，女，23岁,昌邑市人，非医务人员，系新型冠状病毒感染的肺炎确诊病例（张某芳，公安已通报）密切接触者。2月4日，追踪到后收住定点医院。2月5日，经核酸检测，结果阳性。经专家会诊，确认为确诊病例。
高某某，男，52岁，诸城市人，系诸城市首例新型冠状病毒感染的肺炎确诊病例高某某的兄弟。1月29日，因发热收住定点医院。2月5日，经核酸检测，结果阳性。经专家会诊，确认为确诊病例。
现已追踪到上述5名患者的密切接触者69人，正在接受医学观察，均无发热等症状。对在乘坐交通工具辗转途中的域外密切接触者，已通过各级疫情处置工作指挥部通报有关方面进行协查，采取相应措施。
截至2020年2月5日24时，我市共确诊21例新型冠状病毒感染的肺炎病例。其中，奎文区11例、诸城市2例、寿光市1例、安丘市1例、高密市1例、昌邑市1例、临朐县3例、昌乐县1例。目前，患者生命体征均稳定。
根据国家卫健委关于疫情信息报告要求，计入奎文区的11例病例分别为奎文区5例、潍城区1例、安丘市1例、昌邑市1例、高新开发区1例、经济开发区2例。
目前，累计追踪到密切接触者599人，解除医学观察279人，尚有320人正在接受医学观察。
"
 2020-02-05,致全省老年朋友的倡议书（转载）,http://wsjkw.weifang.gov.cn/ZWDT/TZGG/202002/t20200205_5560737.htm,"
全省老年朋友们： 
　　新型冠状病毒感染的肺炎疫情发生以来，省委省政府坚决贯彻落实习近平总书记指示和党中央国务院决策部署，坚持把人民群众生命安全和身体健康放在第一位，把疫情防控作为当前最重要的工作来抓，防控工作稳步推进。老年人免疫功能相对较弱，是此次疫情防控的重点人群，当前，疫情防控正处于关键时期，需要广大老年朋友的积极参与和主动防控。为此，我们向全省老年朋友们发出以下倡议： 
　　一、树立信心，积极面对。新型冠状病毒感染的肺炎可防可控可治。广大老年朋友要从思想上高度重视、科学防控，自觉配合各项疫情防控措施，做自己健康的第一责任人，做全社会疫情防控带头人；在心态上保持理性、增强信心，相信我们的党和政府带领广大人民群众一定能打赢这场疫情防控阻击战，取得疫情防控全面胜利。 
　　二、居家休养，降低风险。请您自觉居家休养，减少外出和聚会，尤其要避免到商场、饭店、车站、公共浴池、棋牌室等人员密集的公共场所，避免与有外出旅行史人员接触。在确保生活自理的情况下，近期请尽量独立居住。各类老年社团组织一律不组织聚会、聚餐等群体性活动，居住在各类养老服务机构的老年人，自觉遵守机构的管理规定，最大程度降低疫情扩散风险。 
　　三、科学锻炼，合理饮食。疫情解除前请勿外出聚众开展跳广场舞、聚众打牌、合唱等文体活动，提倡开展居家健身操、八段锦、太极拳等室内运动，增强抵抗力。做到起居有常，合理休息，保证睡眠充足。注意补充营养，杜绝食品安全隐患。不接触野生动物、不吃野味。 
　　四、加强防护，减少接触。尽量避免乘坐地铁、公共汽车等公共交通工具，确须外出时，必须戴好口罩。自觉遵守各类公共场所防护规定，主动配合各种防护检查。尽量减少接触公共场所的物品和部位，避免与其他人员近距离接触。打喷嚏或咳嗽时，用手肘衣服遮住口鼻，尽量避免用手接触口鼻眼。 
　　五、注重卫生，通风洗手。养成良好的生活习惯，居室勤开窗，经常通风，勤晒衣被。注意个人卫生，不共用毛巾，多用流动的水、肥皂、洗手液等勤洗手。保持家居、餐具清洁，进行室内擦拭消毒。 
　　六、加强学习，不传谣言。主动学习有关新型冠状病毒感染的肺炎防控相关知识，关注获取由权威机构发布的防病知识和疫情信息，增强对虚假和错误信息的辨识能力，不信谣、不传谣，防止上当受骗。 
　　七、调适心理，克服恐慌。适度关注疫情，积极心态辨识疫情信息，增强心理对疫情的耐受力与调适性，提高心理的免疫力。转移注意力，多与家人交流沟通，多关注自己喜欢的事情，舒缓紧张、恐慌等不良情绪。必要时通过心理咨询热线与心理老师沟通，调适心理状态。 
　　八、关注健康，正确就诊。注意保暖，尽量避免感冒。尽量避免接触发热、咳嗽或其他呼吸道症状的患者。记住所在辖区发热门诊的电话，有任何疑问可以致电咨询。如果近期与新型冠状病毒感染的肺炎患者或者疑似感染者有过接触，要尽快与社区工作人员取得联系，自觉服从隔离安排。老年人常见慢性病如需就医的，建议优先采用互联网医院、社区医院就诊。 
　　老年朋友们，让我们携手并肩、共克时艰，从我做起，同心同行，与全省人民一道同舟共济、众志成城，全面打赢疫情防控阻击战！ 
　　最后，衷心感谢您对新型冠状病毒感染的肺炎防控工作的理解和支持！祝全省老年人健康平安！ 
　　 
　　 
　　                                                           山东省卫生健康委员会 
　　                                                             2020年2月4日 
　　  "
 2020-02-05,我市新增2例新型冠状病毒感染的肺炎确诊病例,http://wsjkw.weifang.gov.cn/ZWDT/TZGG/202002/t20200205_5560643.htm,"
2020年2月4日12-24时，我市新增2例新型冠状病毒感染的肺炎确诊病例。截至4日24时，我市共确诊16例。
于某某，男，27岁，奎文区人，系新型冠状病毒感染的肺炎某确诊病例（张某芳，公安已通报）密切接触者。2月3日，收住阳光融和医院隔离病房，经核酸检测，结果为阳性。2月4日，经专家组评估，确认为新型冠状病毒感染的肺炎确诊病例。
孙某某，女，49岁，经济开发区人，系新型冠状病毒感染的肺炎某确诊病例（张某芳，公安已通报）密切接触者。2月3日，收住阳光融和医院隔离病房，经核酸检测，结果为阳性。2月4日，经专家组评估，确认为新型冠状病毒感染的肺炎确诊病例。
现已追踪到2名患者的密切接触者12人，正在接受医学观察。
截至2020年2月4日24时，我市共确诊16例新型冠状病毒感染的肺炎病例。其中，奎文区8例、诸城市1例，寿光市1例、安丘市1例、高密市1例、临朐县3例、昌乐县1例。目前，患者生命体征均平稳。
根据国家卫健委关于疫情信息报告要求，计入奎文区的8例病例分别为奎文区3例、潍城区1例、安丘市1例、昌邑市1例、经济开发区2例。
目前，累计追踪到密切接触者530人，解除医学观察170人，尚有360人正在接受医学观察。
"
 2020-02-04,我市新增1例新型冠状病毒感染的肺炎确诊病例,http://wsjkw.weifang.gov.cn/ZWDT/TZGG/202002/t20200204_5560476.htm,"
2020年2月4日，我市新增1例新型冠状病毒感染的肺炎确诊病例。截至4日12时，我市共确诊14例。
高某某，男，56岁，在武汉工作。1月22日从武汉到诸城火车站，家人接回。2月2日，因发热到诸城市人民医院就诊，收治隔离病房。2月3日，经核酸检测，结果为阳性。2月4日，经专家组评估，确认为新型冠状病毒感染的肺炎确诊病例。
现已追踪到该患者的密切接触者17人，正在接受医学观察。对在途中的密切接触者，已通过各级疫情处置工作指挥部通报有关方面进行协查，采取相应措施。
截至2020年2月4日12时，我市共确诊14例新型冠状病毒感染的肺炎病例。其中，奎文区6例、诸城市1例，寿光市1例、安丘市1例、高密市1例、临朐县3例、昌乐县1例。目前，患者生命体征均平稳。
根据国家卫健委关于疫情信息报告要求，计入奎文区的6例病例分别为奎文区2例、潍城区1例、安丘市1例、昌邑市1例、经济开发区1例。
目前，累计追踪到密切接触者450人，解除医学观察170人，尚有280人正在接受医学观察。
"
 2020-02-03,我市新增3例新型冠状病毒感染的肺炎确诊病例,http://wsjkw.weifang.gov.cn/ZWDT/TZGG/202002/t20200203_5559936.htm,"
2020年2月2日，我市新增3例新型冠状病毒感染的肺炎确诊病例。截至2日24时，我市共确诊13例。
张某某，男，45岁，经济开发区人。有外地3天旅行史（个人隐匿）。1月21日，因咳嗽收住潍坊医学院附属医院。2月2日，经追溯性核酸检测，结果为阳性。经专家组评估，确认为新型冠状病毒感染的肺炎确诊病例。
夏某某，男，33岁，奎文区人。与张某某有共同外地3天旅行史。1月20日，因头疼发热在家自服抗炎、镇痛药物。1月28日，以“发热8天，咳嗽、胸闷2天”到潍坊医学院附属医院就诊，收住传染病房隔离治疗。2月2日，经核酸检测，结果为阳性。经专家组评估，确认为新型冠状病毒感染的肺炎确诊病例。
陈某，女，31岁，奎文区人，与夏某某系夫妻关系。无外地接触史。1月24日，出现发热、咳嗽症状。1月27日，到潍坊医学院附属医院就诊，收住传染病房隔离治疗。2月2日，经核酸检测，结果为阳性。经专家组评估，确认为新型冠状病毒感染的肺炎确诊病例。
现已追踪到3名患者的密切接触者49人，正在接受医学观察。对有外地旅行史的两名患者在途中的密切接触者，已通过各级疫情处置工作指挥部通报有关方面进行协查，采取相应措施。
截至2020年2月2日24时，我市共确诊13例新型冠状病毒感染的肺炎病例。其中，奎文区6例、寿光市1例、安丘市1例、高密市1例、临朐县3例、昌乐县1例。目前，患者生命体征均平稳。
根据国家卫健委关于疫情信息报告要求，计入奎文区的6例病例分别为奎文区2例、潍城区1例、安丘市1例、昌邑市1例、经济开发区1例。
目前，累计追踪到密切接触者433人，解除医学观察42人，尚有391人正在接受医学观察。
提醒广大市民，有外地旅行史的人员，应主动隔离；出现发热、咳嗽、头疼等症状时，应及时就医，并如实告知接诊医生。
"
 2020-02-02,公共场所新型冠状病毒感染的肺炎卫生防护指南(转自国家卫健委网站),http://wsjkw.weifang.gov.cn/YWZT/JBFK/202002/t20200202_5559800.htm,"
　　一、适用范围
　　本指南适用于新型冠状病毒感染的肺炎流行期间，正常使用的宾馆、商场、影院、游泳馆、博物馆、候车（机）室、办公楼等人群经常聚集活动的公共场所和工作场所的卫生防护，包括消毒、通风、个人防护等措施。
　　二、场所卫生操作指南
　　（一）清洁与消毒。
　　1.做好物体表面清洁消毒。应当保持环境整洁卫生，每天定期消毒，并做好清洁消毒记录。对高频接触的物体表面（如电梯间按钮、扶手、门把手等），可用含有效氯250mg/L～500mg/L的含氯消毒剂进行喷洒或擦拭，也可采用消毒湿巾进行擦拭。
　　2.当出现人员呕吐时，应当立即用一次性吸水材料加足量消毒剂（如含氯消毒剂）或有效的消毒干巾对呕吐物进行覆盖消毒，清除呕吐物后，再使用季铵盐类消毒剂或含氯消毒剂进行物体表面消毒处理。
　　3.加强餐（饮）具的消毒，餐（饮）具去残渣、清洗后，煮沸或流通蒸汽消毒15分钟；或采用热力消毒柜等消毒方式；或采用有效氯含量为250mg/L溶液，浸泡消毒30分钟，消毒后应将残留消毒剂冲净。
　　4.保持衣服、被褥、座椅套等纺织物清洁，可定期洗涤、消毒处理。可用流通蒸汽或煮沸消毒30分钟，或先用500mg/L的含氯消毒液浸泡30分钟，然后常规清洗。
　　5.卫生洁具可用有效氯含量为500mg/L的含氯消毒剂浸泡或擦拭消毒，作用30分钟后，清水冲洗干净，晾干待用。
　　6.当有疑似或确诊病例出现时，在专业人员指导下进行消毒处理。
　　（二）通风换气。场所内应当加强通风换气，保持室内空气流通，首选自然通风，尽可能打开门窗通风换气，也可采用机械排风。如使用空调，应保证空调系统供风安全，保证充足的新风输入，所有排风直接排到室外。未使用空调时应关闭回风通道。
　　（三）洗手设施。确保场所内洗手设施运行正常，配备速干手消毒剂，有条件时可配备感应式手消毒设施。
　　（四）垃圾处理。加强垃圾的分类管理，及时收集并清运。加强垃圾桶等垃圾盛装容器的清洁，可定期对其进行消毒处理。可用含有效氯250mg/L～500mg/L的含氯消毒剂进行喷洒或擦拭，也可采用消毒湿巾进行擦拭。
　　（五）设立应急区域。建议在公共场所设立应急区域，当出现疑似或确诊病例时，及时到该区域进行暂时隔离，再按照其他相关规范要求进行处理。
　　（六）健康宣教。在场所内显著区域，采用视频滚动播放或张贴宣传画等方式开展防控健康宣教。
　　三、个人防护指南
　　（一）工作人员防护。
　　1.注意个人防护。在人群较为密集的公共场所，建议工作人员佩戴医用外科口罩（或其他更高级别的口罩）。建议穿工作服并保持清洁，定期洗涤、消毒。可用流通蒸汽或煮沸消毒30分钟，或先用500mg/L的含氯消毒液浸泡30分钟，然后常规清洗。当有疑似或确诊病例出现时，在专业人员指导下进行个人防护。
　　2.注意手卫生。应当加强手卫生措施，工作人员随时进行手卫生。洗手或使用速干手消毒剂，有肉眼可见污染物时，应用洗手液在流动水下洗手。
　　3.注意身体状况。在岗期间注意身体状况，当出现发热、咳嗽等症状时，要及时按规定去定点医院就医，尽量避免乘坐公交、地铁等公共交通工具，前往医院路上和医院内应全程佩戴医用外科口罩（或其他更高级别的口罩）。
　　（二）流动人员防护。
　　1.减少聚集。新型冠状病毒感染的肺炎流行期间，避免到人群聚集尤其是空气流动性差的场所，减少不必要的外出，如果外出应做好个人防护和手卫生。在人口较为密集的公共场所，建议佩戴医用口罩。
　　2.勤洗手。尽量减少接触公共场所的公共物品和部位，从公共场所返回、咳嗽手捂之后、饭前便后，用洗手液或香皂在流动水下洗手，或者使用含酒精成分的免洗洗手液；不确定手是否清洁时，避免用手接触口鼻眼；打喷嚏或咳嗽时，用手肘衣服遮住口鼻。减少与他人接触，以点头礼取代握手，条件允许时，尽量与他人保持一定距离。
　　3.来访人员管理。新型冠状病毒感染的肺炎流行期间，办公楼等场所应当加强对来访人员健康监测和登记等工作。 
"
 2020-02-02,新型冠状病毒感染不同风险人群防护指南和预防新型冠状病毒感染的肺炎口罩使用指南(转自国家卫健委网站),http://wsjkw.weifang.gov.cn/YWZT/JBFK/202002/t20200202_5559799.htm,"
新型冠状病毒感染不同风险人群防护指南
 
　　为指导做好新型冠状病毒感染不同风险人群防护工作，特制订本指南。本指南适用于普通居家人员、出行人员、居家隔离人员、特定行业人员。
一、普通居家人员
（一）尽量减少外出活动。减少走亲访友和聚餐，尽量在家休息。减少到人员密集的公共场所活动，尤其是相对封闭、空气流动差的场所，例如公共浴池、温泉、影院、网吧、KTV、商场、车站、机场、码头和展览馆等。
（二）做好个人防护和手卫生。家庭置备体温计、口罩、家用消毒用品等物品。未接触过疑似或确诊患者且外观完好、无异味或脏污的口罩，回家后可放置于居室通风干燥处，以备下次使用。需要丢弃的口罩，按照生活垃圾分类的要求处理。随时保持手卫生，从公共场所返回、咳嗽手捂之后、饭前便后，用洗手液或香皂流水洗手，或者使用免洗洗手液。不确定手是否清洁时，避免用手接触口鼻眼。打喷嚏或咳嗽时，用手肘衣服遮住口鼻。
（三）保持良好的生活习惯。居室整洁，勤开窗，经常通风，定时消毒。平衡膳食，均衡营养，适度运动，充分休息。不随地吐痰，口鼻分泌物用纸巾包好，弃置于有盖垃圾箱内。
（四）主动做好个人与家庭成员的健康监测，自觉发热时要主动测量体温。家中有小孩的，要早晚摸小孩的额头，如有发热要为其测量体温。
（五）若出现发热、咳嗽、咽痛、胸闷、呼吸困难、乏力、恶心呕吐、腹泻、结膜炎、肌肉酸痛等可疑症状，应根据病情，及时到医疗机构就诊。
二、出行人员
（一）日常生活与工作出行人员，外出前往超市、餐馆等公共场所和乘坐公共交通工具时，要佩戴口罩，尽量减少与他人的近距离接触。个人独处、自己开车或独自到公园散步等感染风险较低时，不需要佩戴口罩。
（二）出现可疑症状需到医疗机构就诊时，应佩戴口罩，可选用医用外科口罩，尽量避免乘坐地铁、公交车等交通工具，避免前往人群密集的场所。就诊时应主动告知医务人员相关疾病流行地区的旅行居住史，以及与他人接触情况，配合医疗卫生机构开展相关调查。
（三）远距离出行人员，需事先了解目的地是否为疾病流行地区。如必须前往疾病流行地区，应事先配备口罩、便携式免洗洗手液、体温计等必要物品。旅行途中，尽量减少与他人的近距离接触，在人员密集的公共交通场所和乘坐交通工具时要佩戴KN95/N95及以上颗粒物防护口罩。口罩在变形、弄湿或弄脏导致防护性能降低时需及时更换。妥善保留赴流行地区时公共交通票据信息，以备查询。从疾病流行地区返回，应尽快到所在社区居民委员会、村民委员会进行登记并进行医学观察，医学观察期限为离开疾病流行地区后 14 天。医学观察期间进行体温、体征等状况监测，尽量做到单独居住或居住在通风良好的单人房间，减少与家人的密切接触。
三、居家隔离人员
（一）对新型冠状病毒感染的肺炎病例密切接触者，采取居家隔离医学观察。医学观察期限为自最后一次与病例、感染者发生无有效防护的接触后 14 天。居家隔离人员应相对独立居住，尽可能减少与共同居住人员的接触，做好医学观察场所的清洁与消毒工作，避免交叉感染。观察期间不得外出，如果必须外出，经医学观察管理人员批准后方可，并要佩戴医用外科口罩，避免去人群密集场所。
（二）居家隔离人员每日至少进行2次体温测定，谢绝探访。尽量减少与家人的密切接触，不得与家属共用任何可能导致间接接触感染的物品，包括牙刷、香烟、餐具、食物、饮料、毛巾、衣物及床上用品等。
（三）他人进入居家隔离人员居住空间时，应规范佩戴KN95/N95及以上颗粒物防护口罩，期间不要触碰和调整口罩。尽量避免与居家隔离人员直接接触，如发生任何直接接触，应及时做好清洁消毒。
四、特定行业人员
（一）对于公共交通工具司乘人员、出租车司机、公共场所服务人员、武警、交警、安保人员、媒体记者、快递人员等行业人员，因日常接触人员较多，存在感染风险，其所在单位应为其配置一次性使用医用口罩或医用外科口罩或KN95/N95及以上颗粒物防护口罩，以及手消毒液、消毒纸巾、体温计等物品，并做好工作环境的日常清洁与消毒。工作期间，应做好个人防护，规范佩戴口罩上岗。口罩在变形、弄湿或弄脏导致防护性能降低时需及时更换。注意保持手卫生，用洗手液或香皂流水洗手，或者使用免洗洗手液。每日至少2次测量体温。一般情况下，不必穿戴防护服、防护面罩等防护用品。如出现可疑症状（如发热、咳嗽、咽痛、胸闷、呼吸困难、乏力、恶心呕吐、腹泻、结膜炎、肌肉酸痛等），应立即停止工作，根据病情居家隔离或就医。
（二）对于隔离病区工作人员、医学观察场所工作人员、疑似和确诊病例转运人员，建议穿戴工作服、一次性工作帽、一次性手套、医用一次性防护服、医用防护口罩或动力送风过滤式呼吸器、防护面屏或护目镜、工作鞋或胶靴、防水靴套等。
（三）对于流行病学调查人员，开展密切接触者调查时，穿戴一次性工作帽、医用外科口罩、工作服、一次性手套，与被调查对象保持1米以上距离。开展疑似和确诊病例调查时，建议穿戴工作服、一次性工作帽、一次性手套、医用一次性防护服、KN95/N95及以上颗粒物防护口罩或医用防护口罩、防护面屏或护目镜、工作鞋或胶靴、防水靴套等，对疑似和确诊病例也可考虑采取电话或视频方式流调。
（四）对于标本采集人员、生物安全实验室工作人员，建议穿戴工作服、一次性工作帽、双层手套、医用一次性防护服、KN95/N95及以上颗粒物防护口罩或医用防护口罩或动力送风过滤式呼吸器、防护面屏、工作鞋或胶靴、防水靴套。必要时，可加穿防水围裙或防水隔离衣。
（五）对于环境清洁消毒人员、尸体处理人员，建议穿戴工作服、一次性工作帽、一次性手套和长袖加厚橡胶手套、医用一次性防护服、KN95/N95及以上颗粒物防护口罩或医用防护口罩、工作鞋或胶靴、防水靴套、防水围裙或防水隔离衣等。环境清洁消毒人员使用动力送风过滤式呼吸器时，根据消毒剂种类选配尘毒组合的滤毒盒或滤毒罐，做好消毒剂等化学品的防护。
 
 
预防新型冠状病毒感染的肺炎口罩使用指南
 
　　口罩是预防呼吸道传染病的重要防线，可以降低新型冠状病毒感染风险。口罩不仅可以防止病人喷射飞沫，降低飞沫量和喷射速度，还可以阻挡含病毒的飞沫核，防止佩戴者吸入。根据目前对该疾病的认识，就如何正确使用口罩制定本指南。
一、佩戴原则
基本原则是科学合理佩戴，规范使用，有效防护。具体如下：
（一）在非疫区空旷且通风场所不需要佩戴口罩，进入人员密集或密闭公共场所需要佩戴口罩。
（二）在疫情高发地区空旷且通风场所建议佩戴一次性使用医用口罩；进入人员密集或密闭公共场所佩戴医用外科口罩或颗粒物防护口罩。
（三）有疑似症状到医院就诊时，需佩戴不含呼气阀的颗粒物防护口罩或医用防护口罩。
（四）有呼吸道基础疾病患者需在医生指导下使用防护口罩。年龄极小的婴幼儿不能戴口罩，易引起窒息。
（五）棉纱口罩、海绵口罩和活性炭口罩对预防病毒感染无保护作用。
二、推荐的口罩类型及使用对象
（一）一次性使用医用口罩：推荐公众在非人员密集的公共场所使用。
（二）医用外科口罩：防护效果优于一次性使用医用口罩，推荐疑似病例、公共交通司乘人员、出租车司机、环卫工人、公共场所服务人员等在岗期间佩戴。
（三）KN95/N95及以上颗粒物防护口罩：防护效果优于医用外科口罩、一次性使用医用口罩，推荐现场调查、采样和检测人员使用，公众在人员高度密集场所或密闭公共场所也可佩戴。
（四）医用防护口罩：推荐发热门诊、隔离病房医护人员及确诊患者转移时佩戴。
三、使用后口罩处理原则
（一）健康人群佩戴过的口罩，没有新型冠状病毒传播的风险，一般在口罩变形、弄湿或弄脏导致防护性能降低时更换。健康人群使用后的口罩，按照生活垃圾分类的要求处理即可。
（二）疑似病例或确诊患者佩戴的口罩，不可随意丢弃，应视作医疗废弃物，严格按照医疗废弃物有关流程处理，不得进入流通市场。
四、儿童佩戴口罩的标准与注意事项
建议儿童选用符合国家标准GB2626-2006 KN95，并标注儿童或青少年颗粒物防护口罩的产品。儿童使用口罩需注意以下事项：
（一）儿童在佩戴前，需在家长帮助下，认真阅读并正确理解使用说明，以掌握正确使用呼吸防护用品的方法；
（二）家长应随时关注儿童口罩佩戴情况，如儿童在佩戴口罩过程中感觉不适，应及时调整或停止使用；
（三）因儿童脸型较小，与成人口罩边缘无法充分密合，不建议儿童佩戴具有密合性要求的成人口罩。
"
 2020-02-02,我市新增1例新型冠状病毒感染的肺炎确诊病例,http://wsjkw.weifang.gov.cn/ZWDT/TZGG/202002/t20200202_5559671.htm,"
2020年2月1日，我市新增1例新型冠状病毒感染的肺炎确诊病例。截至1日24时，我市共确诊10例,皆为输入性病例。
刘某，女，62岁，临朐人，患糖尿病史5年。1月19日从武汉返回临朐。1月29日，到临朐县人民医院就诊，胸部CT检查显示双肺炎症，无咳嗽、咳痰、呼吸困难等症状，收住隔离病房。2月1日，经市疾控中心核酸检测结果为阳性；经专家组评估，确认为新型冠状病毒感染的肺炎病例。
现已追踪到该患者的密切接触者17人，正在接受医学观察，均无发热等症状。对在其返回途中的密切接触者，已通过各级疫情处置工作指挥部通报有关方面进行协查，采取相应措施。
截至2020年2月1日24时，我市共确诊10例新型冠状病毒感染的肺炎病例。其中，奎文区3例、寿光市1例、安丘市1例、高密市1例、临朐县3例、昌乐县1例。目前，患者生命体征均平稳。
根据国家卫健委关于疫情信息报告要求，计入奎文区的3例病例分别为潍城区1例、安丘市1例、昌邑市1例。
目前，累计追踪到密切接触者383人，解除医学观察12人，尚有371人正在接受医学观察。
"
 2020-02-01,关于推迟国家医师资格考试报名现场审核工作的通知,http://wsjkw.weifang.gov.cn/ZWDT/TZGG/202002/t20200201_5559517.htm,"
各位考生： 
　　由于受新型冠状病毒感染的肺炎疫情影响，原定于2月4日开始的国家医师资格考试报名现场审核工作推迟，具体时间另行通知。请考生及时关注潍坊市卫生健康委员会网站通知。 
　　    
　                                                     　潍坊市卫生健康委员会 
　                                                        　2020年2月1日 "
 2020-02-01,我市新增1例新型冠状病毒感染的肺炎确诊病例,http://wsjkw.weifang.gov.cn/ZWDT/TZGG/202002/t20200201_5559408.htm,"
2020年1月31日，我市新增1例新型冠状病毒感染的肺炎确诊病例。截至31日24时，我市共确诊9例,皆为输入性病例。
李某，男，45岁，常住武汉。1月22日，从武汉自驾车到寿光探亲，途中自感身体不适，当日18时直接到寿光市人民医院发热门诊就诊，胸片和CT显示双肺部炎症，收入隔离病房治疗。1月26日，经市疾控中心核酸检测结果为阴性；1月28日，经专家组评估，考虑新型冠状病毒感染的肺炎不排除，确定为疑似病例。1月31日，经再次核酸检测和专家组评估，确认为确诊病例。
现已追踪到该患者的密切接触者2人，正在接受医学观察，均无发热等症状。对在其返回途中的密切接触者，已通过各级疫情处置工作指挥部通报有关方面进行协查，采取相应措施。
截至2020年1月31日24时，我市共确诊9例新型冠状病毒感染的肺炎病例。其中，奎文区3例、寿光市1例、安丘市1例、高密市1例、临朐县2例、昌乐县1例。目前，患者生命体征均平稳。
根据国家卫健委关于疫情信息报告要求，计入奎文区的3例病例分别为潍城区1例、安丘市1例、昌邑市1例。
目前，累计追踪到密切接触者362人，解除医学观察2人，尚有360人正在接受医学观察。
 
"
 2020-01-31,我市新增1例新型冠状病毒感染的肺炎确诊病例,http://wsjkw.weifang.gov.cn/ZWDT/TZGG/202001/t20200131_5559048.htm,"
2020年1月30日，我市新增1例新型冠状病毒感染的肺炎确诊病例。截至30日24时，我市共确诊8例,皆为自武汉来潍人员。
姜某，男，45岁，昌邑人，货车司机。1月19日从武汉返回家中；1月29日，因发热到潍坊市人民医院就诊，CT显示肺部炎症，收住隔离病房；1月30日，经市疾控中心核酸检测结果为阳性。经专家会诊，确认为新型冠状病毒感染的肺炎病例。
现已追踪到该患者的密切接触者3人，正在接受医学观察，均无发热等症状。对在返回途中的密切接触者，已通过各级疫情处置工作指挥部通报有关方面进行协查，采取相应措施。
截至2020年1月30日24时，我市共确诊8例新型冠状病毒感染的肺炎病例。其中，奎文区3例、临朐县2例、安丘市1例、高密市1例、昌乐县1例。目前，患者生命体征均平稳。
根据国家卫健委关于疫情信息报告要求，计入奎文区的3例病例分别为潍城区1例、安丘市1例、昌邑市1例。
目前，累计追踪到密切接触者338人，解除医学观察2人，尚有336人正在接受医学观察。
"
 2020-01-30,我市新增2例新型冠状病毒感染的肺炎确诊病例,http://wsjkw.weifang.gov.cn/ZWDT/TZGG/202001/t20200130_5558803.htm,"
2020年1月29日，我市新增2例新型冠状病毒感染的肺炎确诊病例。截至29日24时，我市共确诊7例,皆为武汉来潍人员。
吴某，男，35岁，在武汉居住，1月23日由武汉到安丘；1月26日，因发热、咳嗽，胸片双肺纹理改变,收住安丘市人民医院隔离病房；1月27日，CT检查提示双肺多发病变；1月28日，经市疾控中心核酸检测结果为阳性；1月29日，经专家组评估，确认为新型冠状病毒感染的肺炎病例。
王某，男，34岁，在武汉居住，1月19日由武汉到潍城；1月26日，因发热到潍坊市人民医院就诊，CT结果显示左肺炎症，收治隔离病房；经市疾控中心核酸检测结果为阴性；1月28日，核酸检测复检结果为阳性；1月29日，经专家组评估，确认为新型冠状病毒感染的肺炎病例。
现已追踪到上述两名患者的密切接触者16人，正在接受医学观察，均无发热等症状。对在乘坐交通工具辗转途中的域外密切接触者，已通过各级疫情处置工作指挥部通报有关方面进行协查，采取相应措施。
截至2020年1月29日24时，我市共确诊7例（奎文区2例、临朐县2例、安丘市1例、高密市1例、昌乐县1例）新型冠状病毒感染的肺炎病例，患者生命体征均平稳。
根据国家卫健委关于疫情信息报告的要求，按病例确诊时医院所在县区统计，潍城区1例、安丘市1例列入奎文区统计。
 
"
 2020-01-29,我市新增2例新型冠状病毒感染的肺炎确诊病例,http://wsjkw.weifang.gov.cn/ZWDT/TZGG/202001/t20200129_5558639.htm,"
2020年1月28日0-24时，我市新增2例新型冠状病毒感染的肺炎确诊病例。截至28日24时，我市共确诊5例,皆为武汉来潍人员。
李某，男，24岁，昌乐人，在武汉上学。1月18日从武汉回昌乐；1月27日，因发热、咳嗽到昌乐县人民医院就诊，给予隔离治疗；1月28日，经市疾控中心核酸检测结果为阳性；经专家组评估，确认为新型冠状病毒感染的肺炎病例。
余某，女，40岁，武汉人，在武汉居住。1月18日从武汉回高密探亲；1月26日，因发热到高密市人民医院就诊，给予隔离治疗；1月28日，经市疾控中心核酸检测结果为阳性；经专家组评估，确认为新型冠状病毒感染的肺炎病例。
上述两患者，现已追踪到密切接触者56人，正在接受医学观察，均无发热等症状。对在乘坐交通工具辗转途中的域外密切接触者，已通过各级疫情处置工作指挥部通报有关方面进行协查，采取相应措施。
截至2020年1月28日24时，我市共确诊5例（临朐县2例、奎文区1例、昌乐县1例、高密市1例）新型冠状病毒感染的肺炎病例，患者生命体征均平稳。
根据国家卫健委关于疫情信息报告新要求，按病例确诊时医院所在县区统计，省发布信息将安丘市1例列入奎文区统计。
"
 2020-01-28,潍坊市（县、市、区）新型冠状病毒感染的肺炎心理咨询服务机构24小时热线电话,http://wsjkw.weifang.gov.cn/ZWDT/TZGG/202001/t20200128_5558589.htm,"





县市区


机构名称


电话号码




潍坊市


潍坊市精神卫生中心


0536-6231120




奎文区


奎文区新华医院


0536-5077729




潍城区


潍城区人民医院


0536-8398851




坊子区


潍坊坊子安康精神卫生专科医院


0536-7655620




寒亭区


寒亭区精神卫生中心


0536-7907860




青州市


青州市精神卫生中心


0536-3889282




诸城市


诸城市精神卫生中心


0536-6057795




寿光市


寿光市精神卫生中心


0536-5231518




安丘市


安丘市精神病防治院


0536-2512699




高密市


高密市精神卫生中心


13280182439




昌邑市


昌邑市精神卫生中心


0536-7859143




临朐县


临朐县第三人民医院（朐山医院）


0536-3496999




昌乐县


潍坊市精神卫生中心


0536-6231120




高新区


高新区人民医院


0536-7516282




滨海区


潍坊市精神卫生中心


0536-6231120




峡山区


潍坊市精神卫生中心


0536-6231120




经济区


潍坊经济开发区双杨街道卫生院


0536-7591377





"
 2020-01-28,昨日我市无新增新型冠状病毒感染的肺炎确诊病例,http://wsjkw.weifang.gov.cn/ZWDT/TZGG/202001/t20200128_5558499.htm,"
2020年1月27日，我市无新增新型冠状病毒感染的肺炎确诊病例。
目前，我市确诊的3例新型冠状病毒感染的肺炎患者，生命体征均平稳。
排查管理的密切接触者186人，正在接受医学观察；域外的密切接触者，已通过当地有关部门和机构进行协查，采取相关措施。
"
 2020-01-27,潍坊市设置发热门诊医疗机构公布,http://wsjkw.weifang.gov.cn/ZWDT/TZGG/202001/t20200127_5558375.htm,"
近期，我市出现新型冠状病毒感染的肺炎病例。潍坊市卫生健康委员会提醒您做好个人防护，随时关注官网媒体发布的消息，发热人员请就近到当地发热门诊就诊！




各县市区设置发热门诊医疗机构(首批)




县市区


设置发热门诊医疗机构数量


设置发热门诊医疗机构
名称


医疗机构级别


地址


联系电话


联系人




奎文区


4


潍坊市人民医院


三级


奎文区广文街151号


8192539


高  栋




潍坊市中医院


三级


奎文区潍州路1055号
（东院区地址）潍坊市高新区宝通东街11166号


8060058
            8060038


卢正海




潍坊医学院附属医院


三级


奎文区虞河路2428号


3081281
            3081370


周政敏




潍坊市第二人民医院


二级


奎文区广文街道院校街7号


8233405


曹琳娜




潍城区


3


解放军第80集团军医院


三级


潍城区北宫西街256号


18765626689


刘  涛




潍坊市妇幼保健院


三级


潍城区青年路407号


8089302


王  彬




潍坊市市立医院


二级


潍城区北宫西街399号


13854497282


刘  伟




坊子区


1


坊子区人民医院


二级


坊子区凤凰街道龙山路3433号


7655646


陈海涛




寒亭区


1


潍坊市寒亭区人民医院


二级


寒亭区寒亭街道民主街2600号


7278625
            15964347900


陈  帅




青州市


18


潍坊市益都中心医院


三级


青州市王府街道玲珑山南路4138号


3279143


张海津




青州市人民医院


二级


青州市王府街道玲珑山中路1726号


3234243


曹克艳




青州市中医院


二级


青州市云门山街道海岱中路2727号


3201393


赵方方




青州市妇幼保健院


二级


青州市王府街道玲珑山中路2059号


3222835


葛汝武




青州市立医院


一级


青州市云门山街道王府东街512号


3222261


刘艳芹




青州市王府卫生院


一级


青州市王府街道涝埠村


3701033


赵安民




青州市益都卫生院


一级


青州市益都街道府办事处驻地前街3号


3821020


郄美莲




青州市云门山卫生院


一级


青州市云门山街道云河路2869号


3819124


岳茂国




青州市黄楼卫生院


一级


青州市黄楼街道万红大道3315号


3831036


刘志勇




青州市弥河中心卫生院


一级


青州市弥河镇政府驻地


3810107


蒋金霞




青州市王坟中心卫生院


一级


青州市王坟镇阿陀村


3731025


张凤鸣




青州市庙子中心卫生院


一级


青州市庙子镇朱崖村北


3781087


冯强




青州市邵庄卫生院


一级


青州市邵庄镇扬州路688号


3851021


张文宝




青州市高柳中心卫生院


一级


青州市高柳镇西朱鹿村


3591042
            18763630341


常吉垒




青州市何官卫生院


一级


青州市何官镇前史路2399号


3571026


李家刚




青州市东夏中心卫生院


一级


青州市东夏镇迎宾大道1998号


3511027


张传祝




青州市谭坊中心卫生院


一级


青州市谭坊镇谭中村


3841017
            15863602947


宋阜彪




青州市经济开发区卫生院


一级


青州市经济开发区纽约路2628号


3521226
            13563688722


郭文亮




诸城市


48


诸城市人民医院


三级


诸城市南环路59号


6357131
            6357132


岳乃余




诸城中医医院


三级


诸城市密州街道（镇）东关大街168号


6062183


王治武




诸城市妇幼保健院


三级


诸城市东关大街343号


6569122


张金亮




诸城市精神卫生中心


二级


诸城市人民东路141号


6061532


褚家礼




诸城市皮肤病防治站


二级


诸城市棉织街44号


15963444990


赵  鹏




诸城市口腔医院


二级


诸城市南关路230号


6162708


颜  霞




诸城民生医院


二级


诸城市密州街道府前街86-1


13465693084


王玉叶




诸城慈海中西医结合医院


二级


诸城市东武北街与六合小区门口沿街房


6156920


左安华




诸城华元医院


二级


诸城市密州东路89号


6501999


李京珍




诸城光明眼科医院


二级


诸城市兴华东路26号


2169111
            18953622032


王  昕




诸城市密州卫生院


一级


诸城市密州街道永安路30号


6551156


胡希勇




诸城市龙都卫生院


一级


诸城市龙都街道龙源路3925号


6447517


张安民




诸城市舜王卫生院


一级


诸城市舜王街道红星家园老年公寓16号楼


6014103


常增兵




诸城市枳沟卫生院


一级


诸城市枳沟镇隆兴路513号


6452888


刘桂山




诸城市贾悦中心卫生院


一级


诸城市贾悦镇鑫盛路285号


6421117


贺金萍




诸城市石桥子卫生院


一级


诸城市石桥子镇行政街102号


6471156


周和增




诸城市相州中心卫生院


一级


诸城市相州镇商贸园北路三号


6498120


王海军




诸城市昌城卫生院


一级


诸城市昌城镇驻地


6401156


陈绍志




诸城市百尺河卫生院


一级


诸城市百尺河镇龙兴路135号


6511156


王方芝




诸城市辛兴卫生院


一级


诸城市辛兴镇新兴路10765号


6521117


李  静




诸城市林家村中心卫生院


一级


诸城市林家村镇大有街139号


6531160


张进昌




诸城市皇华中心卫生院


一级


诸城市皇华镇龙华街11502号


6581156


牟向阳




诸城市桃林卫生院


一级


诸城市桃林镇驻地


6501156


臧  洋




诸城市马庄卫生院


一级


潍坊市诸城市贾悦镇龙马路7号


6411156


袁均锱




诸城市瓦店卫生院


一级


诸城市林家村镇瓦店村


6541156


管延文




诸城市孟疃医院


一级


潍坊市诸城市金河路53号


6311156


臧传国




诸城市桃园卫生院


一级


诸城市桃园区大桃园社区驻地


6561156


范峻铭




诸城市程戈庄卫生院


一级


诸城市舜王街道程戈庄一村502号


6461156


李金军




诸城市郝戈庄医院


一级


诸城市皇华镇郝戈庄社区驻地


6591156


管恩磊




诸城民生中医医院


一级


潍坊市诸城市繁荣路39号


13054782176


陈  栋




诸城大众医院


一级


诸城市纺织街41号


6355369


沈博文




诸城东坡医院


一级


诸城市密州街道东武街12号


13854481816


王鸿儒




诸城博济医院


一级


诸城市龙都街道人民西路1号


6219120


王晓燕




诸城利民医院


一级


诸城市兴华东路39号


6055031


王治荣




诸城同济医院


一级


诸城市密州东路11号


6568831


李景城




诸城新华医院


一级


诸城市繁荣路东段277号


6329599


王守红




诸城海王健康医院


一级


诸城市人民西路与龙都街交叉路口东南角


6213152


孙得玉




诸城慈海第一医院


一级


诸城市人民东路与东外环交叉路口北


6152811


王贵义




诸城慈海第二医院


一级


诸城市密州东路27号


6152978


陈淑宝




诸城慈海第三医院


一级


诸城市龙都街道龙都现代城90号商业楼


18506367108


林大龙




诸城慈海急救中心


一级


诸城市人民东路151号


6152991


宋晓峰




诸城城北医院


一级


诸城市密州街道五里堡社区113号6056666


13806473766


王敬文




诸城杨春医院


一级


诸城市龙都街道杨春社区驻地


6210857


张振华




诸城同昊医院


一级


诸城市兴华西路203号


13455637569


马桂萍




诸城市龙都街道社区卫生服务中心


一级


诸城市龙源街96号


6117312


史瑞红




诸城康泰中西医结合医院


一级


诸城市繁荣西路75号兰凤家园20号楼


6165577
            15866164960


臧真强




诸城长虹中医医院


一级


诸城市东鲁社区密州街道东武北街金东世纪城沿街房A —3号


17616817977


杨鑫通




诸城市密州街道社区卫生服务中心


一级


诸城市人民东路26-33


6088998
            13869694277


杨宝东




寿光市


24


寿光市人民医院


三级


寿光市健康街3173号


5221652


刘光增




寿光市中医医院


二级


寿光市圣城街道3353号


18866738959


张文霞




寿光市妇幼保健院


二级


寿光市银海路5684号


15169510125


张伟强




寿光东城医院


三级


寿光市潍高路洛城段20369号


5100652


唐芳勇




寿光市精神卫生中心


一级


寿光市特岗路46号


5587120


房  明




寿光市圣城社区卫生服务中心


一级


寿光市农圣街1019号


5228120


刘庆伟




寿光市洛城街道卫生院


一级


寿光市洛城街道人和街39号


5663120


崔  巍




寿光市古城街道卫生院


一级


寿光市古城街道政府驻地


5433120


张  鹏




寿光市文家街道卫生院


一级


寿光市圣城西街1229号


5257120


周兴仁




寿光市孙家集街道卫生院


一级


寿光市孙家集街道政府驻地


5483120


张洪文




寿光市上口中心卫生院


一级


寿光市上口镇政府驻地


5598089


王晓静




寿光市台头中心卫生院


一级


寿光市台头镇政府驻地


5514120


李增伟




寿光市稻田中心卫生院


一级


寿光市稻田镇政府驻地


5050710


范文慧




寿光市营里中心卫生院


一级


寿光市营里镇政府驻地


5442120


王潘华




寿光市纪台中心卫生院


一级


寿光市纪台镇寿尧路31号


5473120


刘  娜




寿光市羊口中心卫生院


一级


寿光市羊口镇望海路3375号


5345120


董玉环




寿光市侯镇中心卫生院


一级


寿光市侯镇昌大路侯镇段204号


5365120


林  燕




寿光市化龙镇卫生院


一级


寿光市化龙镇政府驻地


5892120


王  润




寿光市田柳镇卫生院


一级


寿光市田柳镇政府驻地


5415120


马贺远




寿光市马店医院


一级


寿光市文家街道圣城街马店路段21号


5501120


庞万东




寿光市安康职工医院


一级


寿光市圣城街道光明路585号          


5268073


徐增旭




寿光光明医院


二级


寿光市开发区自康路6号


5666567


李光奎




寿光和信医院


二级


寿光市建新街4438号    


2235065


宋  艳




寿光济生医院


一级


寿光市文庙街3940号


5222009


张效谦




安丘市


23


安丘市人民医院


三级


安丘市学府街159号


4264415
            4261703


曹志升




安丘市中医院


二级


安丘市永安路248号


19806361382


刘安庆




安丘市妇幼保健院


三级


安丘市双丰大道1196号


4881969


刘爱霞
钟  俐




安丘市市立医院


一级


安丘市永安路344号（东院区）
安丘市永安路197号（西院区）


4291213


于剑锋




安丘市兴安街道社区卫生服务中心


一级


安丘市和平东路1047号


4262593


郭  蓉




安丘市红沙沟中心卫生院


一级


安丘市凌河镇红沙沟村红温路6号


4671023


韩立东




安丘市大汶河旅游开发区社区卫生服务中心


一级


安丘市大汶河旅游开发区富贾路56号


4321026


王淑芳




安丘市凌河中心卫生院


一级


安丘市凌河镇新凌街33号


4643019


刘  涛




安丘市大盛镇卫生院


一级


安丘市大盛镇永盛路1号


4681023


房小华




安丘市柘山中心卫生院


一级


安丘市柘山镇镇区昌盛路以东


4861019


程金英




安丘市庵上中心卫生院


一级


安丘市石埠子镇大庵路103号


4691007


李再玉




安丘市石埠子镇卫生院


一级


安丘市石埠子镇石城路67号


4761111


王  斌




安丘市景芝中心卫生院


一级


安丘市景芝镇淮安路182号


4611150


朱晓初




安丘市临浯中心卫生院


一级


安丘市景芝镇彭花路套子村委北临


4770031


冯  炎




安丘市新安街道社区卫生服务中心


一级


安丘市新安街道关王村


4331124


谢瑞刚




安丘市金冢子镇卫生院


一级


安丘市金冢子镇金兴街141号


4791120


吴兴华




安丘市雹泉中心卫生院


一级


安丘市辉渠镇雹泉西北村


4661010


牟华杰




安丘市郚山镇卫生院


一级


安丘市郚山镇政府驻地


4961011


曹学玉




安丘市辉渠镇卫生院


一级


安丘市辉渠镇政府驻地


4821015


杨爱华




安丘市官庄镇卫生院


一级


安丘市央赣路242号


4651032


林育杰




安丘市经济开发区社区卫生服务中心


一级


安丘市经济开发区新兴街7号


4731635


刘广大




安丘市白芬子卫生院


一级


安丘市安阳路6号


4871020


王太升




安丘市石堆镇卫生院


一级


安丘市石堆镇同心街75号


2512003


李冠涛




高密市


16


高密市人民医院


三级


高密市镇府街77号


13583687156


于晓明




高密市中医院


二级


高密市凤凰大街路588号


2367305


李秀梅




高密市妇幼保健院


三级


高密市凤凰大街东首3188号


2353751


孟  娟




高密市市立医院


二级


高密市永安路113号


13869678217


杨焕清




高密市第二人民医院


一级


高密市朝阳街道立新街2000号


6200501
            5826181


庄  勇




高密市夏庄中心卫生院


一级


高密市夏庄镇健康路8号


2759554


聂玉江




高密市柴沟中心卫生院


一级


高密市柴沟镇商业街1号


2662013


刘  军




高密市柏城中心卫生院


一级


高密市柏城镇驻地康平街1739号


2576018


雷世亮




高密市大牟家中心卫生院


一级


高密市大牟家镇驻地北平路


13562636062


张华宇




高密市阚家中心卫生院


一级


高密市阚家镇伟丽街88号


2822073


徐磊先




高密市姜庄镇卫生院


一级


高密市姜庄镇平日路19号


2733280


李作文




高密市井沟镇卫生院


一级


高密市井沟镇驻地振兴街19号


2692016


荆  伟




高密市经济开发区卫生院


一级


高密经济开发区驻地永盛街25号


2586355


杨政文




高密市醴泉街道卫生院


一级


高密市醴泉街道镇府街433号


15725644331


郭金峰




高密市密水街道卫生院


一级


高密市密水街道拒城河社区驻地


2632018


朱学峰




高密市东北乡卫生院


一级


高密市东北乡文化发展区 河涯驻地 红高粱大街8375号


2772016


孙贻真




昌邑市


2


昌邑市人民医院


二级甲等


昌邑市都昌街道利民街636号


7210592


方永军




昌邑市妇幼保健院


二级甲等


昌邑市围子街道平安东街945号


5598120


刘昆明




临朐县


27


临朐县人民医院


二级


临朐县城关街道山旺路438号


3120055
            15505365068


郎国华




临朐县中医院


二级


临朐县城关街道兴隆路166号


3096173
            18866703607


刘冬梅




临朐县海浮山医院


二级


临朐县冶源镇临九路318号


3336179
            15863639571


陈仕礼




临朐县东城街道卫生院


其他


临朐县东城街道营龙路9111号


3717725
            13070735929


高建强




临朐县第三人民医院


其他


临朐县东城街道朐阳路1号


3129120
            15065681729


王  波




临朐县辛寨中心卫生院


其他


临朐县辛寨真政府驻地


3342561
            15264666369


刘明珠




临朐县五井中心卫生院


其他


临朐县五井镇五井政府驻地


3619900
            16605367106


孙开红




临朐县蒋峪中心卫生院


其他


临朐县蒋峪镇东蒋峪村


3460125
            15288812726


李文芬




临朐县九山中心卫生院


其他


临朐县九山镇政府驻地


3681023
            15866558344


陈廷亮




临朐县城关街道卫生院


其他


临朐县城关街道李家庄村


3165310
            15908039640


王红玲




临朐县城关街道卫生院纸坊分院


其他


临朐县城关街道纸坊村


3490119
            15806365802


马  亮




临朐县山旺中心卫生院


其他


临朐县山旺镇政府驻地


3421176
            13791661271


钟安明




临朐县柳山中心卫生院


其他


临朐县柳山镇政府驻地


3430120
            13705361534


张富磊




临朐县寺头镇卫生院


其他


临朐县寺头镇政府驻地


3648202
            15864583412


张学洋




临朐县冶源中心卫生院杨善分院


其他


临朐县冶源镇付小路7076号


3470120
            13583642847


梁军利




临朐县辛寨中心卫生院卧龙分院


其他


临朐县辛寨镇芙蓉路131号


18678010765
            13869600602


赵晓燕




临朐县东城街道卫生院七贤分院


其他


临朐县东城初家庄村


3317433
            13506469149


孙振玉




临朐县蒋峪中心卫生院大关分院


其他


临朐县沂山风景区东沂路


3317862
            13562696419


毕永华




临朐县山旺中心卫生院龙山分院


其他


临朐县龙山产业园龙岗东村


3317147


于凤霞




临朐县寺头镇卫生院石家河分院


其他


临朐县寺头镇石家河村


3656121
            15762590110


高永海




临朐县潍坊内分泌与代谢病医院


其他


临朐县城关街道山旺路1310号


3161616
            18863698279


刘丙国




临朐滨河医院


其他


临朐县东城街道吕东路899号


3156520
            15063661119


王国利




临朐基督教爱德医院


其他


临朐县城关街道骈邑路3367号


3457606
            13573699022


马文恩




临朐友好医院


其他


临朐县城关街道龙泉路46号


3211120
            18706521911


高学良




临朐吕庙医院


其他


临朐县东城街道吕家庙村


13716596968


刘  涛




临朐朐城医院


其他


临朐县东城街道南环路2188号


15953958675


张文韬




临朐张在效医院


其他


临朐县城关街道张衡路


15965032228


张  鑫




昌乐县


29


昌乐县人民医院


三级乙等


昌乐县宝都街道（镇）利民街278号


6298280


高传义




昌乐县中医院


三级


昌乐县宝都街道恒安街323号


13721964784


钟  成




昌乐县妇幼保健院


二级


昌乐县英轩街3667号


13791615503


祝玉英




昌乐县人民医院红河分院


二级


昌乐县红河镇政府驻地


6668286


刘江波




昌乐宝城医院


一级


昌乐县五图街道办事处新昌路3号


13964645666


吴宝德




昌乐昌盛医院


一级


昌乐县洪阳街769号


15653637769


田秀珍




昌乐西湖医院


一级


昌乐县宝都街道宝昌路2910号


17753641159


和爱国




昌乐东方医院


一级


昌乐县红河镇大宅科社区


13686368398


王玉霞




昌乐三〇九医院


一级


昌乐县县城宝昌路与新城街交叉口东南角


13455672258


刘树森




昌乐新昌医院


一级


昌乐县宝都街道新昌路13号


13573675868


张洪伟




昌乐新城医院


一级


昌乐县经济开发区方山路3795号5号楼05商铺


13869672390


孙  健




昌乐石大医院


一级


昌乐县城方山路与利民街交叉路口东南角


15864578755


郭丽丽




昌乐济德医院


一级


昌乐县朱刘街道办事处驻地30号


13356725020


董兴盛




昌乐县立医院


一级


昌乐县城利民街390号


13505365289


刘存德




昌乐县乔官中心卫生院


未定级


昌乐县乔官镇政府驻地


13791690209


孙致胜




昌乐县白塔卫生院


未定级


昌乐县白塔镇政府驻地


18366386989


石福建




昌乐县鄌郚中心卫生院高崖分院


未定级


昌乐县鄌郚镇漳河村


13963681779


刘树东




昌乐县朱刘街道卫生院


未定级


昌乐县朱刘街道办事处驻地


6711130


赵  琨




昌乐县宝城街道卫生院


未定级


昌乐县宝都街道尧沟社区


17853607913


郭  慧




昌乐县五图街道卫生院马山分院


未定级


昌乐县五图街道朱孔路2217号


13455664236


史佃磊




昌乐县红河镇卫生院朱汉分院


未定级


昌乐县红河镇朱汉村


6961126


张树亮




昌乐县营丘中心卫生院崔家庄分院


未定级


昌乐县营丘镇崔家庄村


13573682806


刘海涛




红河镇卫生院


未定级


昌乐县红河镇政府驻地


3039020


潘登峰




鄌郚中心卫生院


未定级


昌乐县鄌郚镇政府驻地


13583694670


杨在山




昌乐县五图街道卫生院


未定级


昌乐县五图街道办事处驻地


6731880


徐跃武




昌乐县营丘中心卫生院阿陀分院


未定级


昌乐县营丘镇阿陀村


13964627813


赵海涛




昌乐县营丘中心卫生院


未定级


昌乐县营丘镇5号


13562697667


周  莉




昌乐县乔官中心卫生院北岩分院


未定级


昌乐县乔官镇北岩村


6742930


续海平




昌乐县宝都街道社区卫生服务中心


未定级


昌乐县城永康路中段799号


13563687639


田娜娜




高新区


2


阳光融和医院


三级


高新区新城街道樱前街9000号


6960282


徐德斌




高新区人民医院


二级


高新区清池街道健康街府东路768号


7516015


王丽丽




滨海区


2


滨海区人民医院


二级


滨海区大家洼街道西海路05441号


5328935


陈秀荣




央子街道社区卫生服务中心


一级


滨海区央子街道北海路06742号


7575120


左海震




峡山区


1


潍坊峡山生态经济开发区人民医院


二级


峡山区太保庄街道峡寿街与兴峡路交叉路口


13964636395


赵全文




经济区


2


山东市立医院控股集团第三医院


二级


潍坊经济开发区冯南路26188号


13181679688


尹春鹏




山东潍坊经济开发区双杨街道卫生院


一级甲等


潍坊经济开发区双杨街道镇前街329号


18753629636


袁军成




"
 2020-01-27,我市新增1例新型冠状病毒感染的肺炎确诊病例,http://wsjkw.weifang.gov.cn/ZWDT/TZGG/202001/t20200127_5558370.htm,"
2020年1月26日，我市新增1例新型冠状病毒感染的肺炎确诊病例。截至26日24时，我市共确诊3例。
患者辛某，男，24岁，某士官学校（武汉市洪山区）学员。1月20日，从武汉辗转太原后到安丘；1月22日，因发热、咳嗽在安丘市某卫生室就诊；1月25日，收治潍坊市人民医院隔离病房。1月26日，经市疾控中心核酸检测结果为阳性；经专家组评估，确认为新型冠状病毒感染的肺炎病例。
现已追踪到密切接触者44人，正在接受医学观察，均无发热等症状。对在乘坐交通工具辗转途中的密切接触者，已通过各级疫情处置工作指挥部通报有关方面进行协查，采取相应措施。
截至2020年1月26日24时，我市共确诊3例新型冠状病毒感染的肺炎病例，患者生命体征均平稳。
"
 2020-01-26,公     告,http://wsjkw.weifang.gov.cn/ZWDT/TZGG/202001/t20200126_5558353.htm,"
 
为加强新型冠状病毒感染的肺炎防控工作，保障全市人民群众身体健康和生命安全，经研究，决定暂停我市各预防接种门诊开诊，复诊时间另行通告。狂犬病暴露处置门诊正常开诊。
由此对广大市民造成的不便我们深表歉意，感谢您的理解和支持！
 
                                                                  潍坊市卫生健康委员会
                                                                     2020年1月26日
"
 2020-01-26,给全市居民的一封公开信,http://wsjkw.weifang.gov.cn/ZWDT/TZGG/202001/t20200126_5558331.htm,详见附件。
 2020-01-26,我市新增1例新型冠状病毒感染的肺炎确诊病例,http://wsjkw.weifang.gov.cn/ZWDT/TZGG/202001/t20200126_5558259.htm," 2020年1月25日，我市临朐县新增1例新型冠状病毒感染的肺炎确诊病例。截至25日24时，我市共确诊2例。
患者刘某，女，36岁，在武汉工作；1月17日从武汉到临朐探亲；1月22日，因发热到临朐县某卫生院发热门诊就诊，CT显示肺部感染，遂转至临朐县人民医院隔离治疗；1月24日，经市疾控中心核酸检测结果为阳性；1月25日，经市级专家组评估，确认为新型冠状病毒感染的肺炎病例。
 该病例与临朐县23日首例确诊病例无关联性。
 截至2020年1月25日24时，我市共确诊2例新型冠状病毒感染的肺炎病例，患者生命体征均平稳。两名患者追踪到密切接触者142人，正在接受医学观察，均无发热等症状。"
 2020-01-24,潍坊市（县、市、区）新型冠状病毒感染的肺炎定点医疗机构24小时联系电话,http://wsjkw.weifang.gov.cn/ZWDT/TZGG/202001/t20200124_5558232.htm,"



　

定点医疗机构名称


24小时联系电话




潍坊市


潍坊市人民医院


8192539




潍坊医学院附属医院


3081234




阳光融和医院


6960114




潍坊市第二人民医院


8233405




奎文区


潍坊市第二人民医院


8233405




潍城区


解放军第80集团军医院


5019125




坊子区


坊子区人民医院


7661487




寒亭区


寒亭区人民医院


7251667




青州市


潍坊市益都中心医院


3279143




青州市人民医院


3234129




诸城市


诸城市人民医院


6212678




寿光市


寿光市人民医院


5221652




安丘市


安丘市人民医院


4261703




高密市


高密市人民医院


2323273




昌邑市


昌邑市人民医院


7212225




临朐县


临朐县人民医院


3120000




昌乐县


昌乐县人民医院


6222822




高新区


阳光融和医院


6960114




滨海区


潍坊滨海经济技术开发区人民医院


5328939




峡山区


潍坊峡山生态经济开发区人民医院


7769801



"
 2020-01-24,我市首例新型冠状病毒感染的肺炎基本情况,http://wsjkw.weifang.gov.cn/ZWDT/TZGG/202001/t20200124_5558229.htm,"  患者王某，女，62岁，有武汉居住史，有慢性支气管炎、2型糖尿病史；1月17日从武汉返回临朐；1月18日因咳嗽在临朐县某个体诊所治疗；1月22日出现发热，到临朐县人民医院就诊，CT示肺部感染，怀疑有新型冠状病毒感染的可能性，急采病人标本送潍坊市疾控中心实验室检测；1月23日经省疾控中心复核和省专家组评估，确定为新型冠状病毒感染的肺炎。目前追踪到密切接触者49人，正在接受医学观察，均无发热等症状。
 "
 2020-01-24,潍坊市新型冠状病毒感染的肺炎疫情情况,http://wsjkw.weifang.gov.cn/ZWDT/TZGG/202001/t20200124_5558206.htm,"
　　 2020年1月23日，我市临朐县确诊1例新型冠状病毒感染的肺炎病例，为全市首例病例，患者病情稳定。目前追踪到密切接触者49人，正在接受医学观察。
　　 "
 2020-01-23,潍坊市（县、市、区）疾病预防控制中心名单,http://wsjkw.weifang.gov.cn/YWZT/XCJY/202001/t20200123_5558181.htm,"




单位


办公室


值班电话




潍坊市疾控中心


8232528


8232244




奎文区疾控中心


8226973


8226973




潍城区疾控中心


8180616


8322637




坊子区疾控中心


7661772


7661772




寒亭区疾控中心


7251218


7251218




青州市疾控中心


3092226


3223112




诸城市疾控中心


6212583


6212583




寿光市疾控中心


5258357


5221628




安丘市疾控中心


4265259


4261045




高密市疾控中心


2122736


2323657




昌邑市疾控中心


7111528


7211823




临朐县疾控中心


3458219


3458190




昌乐县疾控中心


6222255


6222255




高新区疾控中心


8891120


8891120




滨海区疾控中心


5331003


5331003




经济区疾控中心


8169638


8169638




峡山区疾控中心


7737758


4719789




"
 2020-01-23,预防新型冠状病毒感染的肺炎温馨提示,http://wsjkw.weifang.gov.cn/YWZT/XCJY/202001/t20200123_5558178.htm,"
市民朋友们：
过年好！自湖北省武汉市出现新型冠状病毒感染的肺炎疫情后，市委、市政府高度重视，密切关注疫情动态，连续召开会议，安排部署防控工作，形成了政府领导、社会参与、防治结合、群防群控的工作格局，各级各部门联防联控，我委密切监测，实行“日报告、零报告”制度，随时掌握全市患病、就诊信息。全市卫生健康系统强化工作协调机制，制定周密方案，扎实做好人员、药品、物资准备，各级医疗机构所有相关人员24小时待命。我们完全有信心有能力打赢这场保卫战。
春节临近，人员流动频繁，又值呼吸道传染病高发季节。我们将持续关注武汉和国内外疫情动态，强化不明原因肺炎、流感样病例监测，提高定点医院救治能力，全力做好迎战准备，切实保障人民群众生命安全。在此也提醒广大市民朋友们切实做好卫生防护：勤洗手、戴口罩；注意保持室内环境卫生和空气流通，尽量减少到空气不流通或人流密集的公众场合活动；理性上网，不造谣、不信谣、不传谣；近期武汉等地来潍人员，请到居住地社区居委会登记备案，最好在家静休两周后再外出活动；如有发热、呼吸道感染症状，请及时到医疗机构就诊。
祝广大市民朋友们新春快乐、阖家幸福！
 
                                  潍坊市卫生健康委员会
                                   2020年1月23日
"
 2020-01-22,关于2020年国家医师资格考试报名现场审核工作的通知,http://wsjkw.weifang.gov.cn/ZWDT/TZGG/202001/t20200122_5557894.htm,"
各位考生：
为做好2020年国家医师资格考试我市考生的报名现场审核工作，现将有关事项通知如下： 
一、现场审核分工
（一）潍坊市人民医院、潍坊市中医院、潍坊市妇幼保健院、潍坊医学院附属医院由本单位负责，其他市卫健委直属医疗卫生机构，由市卫生健康委负责。
（二）滨海、经济区所辖医疗卫生机构由寒亭区卫生健康局负责，峡山区所辖医疗卫生机构由坊子区卫生健康局负责，保税区所辖医疗卫生机构由高新区卫生健康局负责；其余由各县市区卫生健康局分别负责。
二、审核时间地点
（一）潍坊市疾病预防控制中心、潍坊市中心血站、潍坊市精神卫生中心、潍坊市皮肤病防治所、潍坊市市直机关医院、潍坊市第六人民医院、潍坊市第七人民医院的考生到潍坊市卫生综合执法支队现场确认。具体时间为： 2020年2月4日-6日，上午8：30-11：30；下午13：30-17：30；地址：潍坊市高新区惠贤路4801号市卫生综合执法支队9楼，西医：903房间，中医：907房间。 
（二）各县市区报名点及潍坊市人民医院、潍坊市中医院、潍坊市妇幼保健院和潍坊医学院附属医院的现场审核时间及地点见下表： 
2020年各报名点现场审核时间及地点





县市区


审核时间


现场审核地点


联系电话




奎文区


2月4日-6日
上午8:30-11:30
下午1:30-5:00


玛丽妇产医院二楼孕妇学校（奎文区健康东街14370号，潍州路与健康街路口西南角）


2516686
2516687
1568915029015689150




潍城区


2月4日-6日
上午 8:30-11:30
下午13:30-17:00


潍坊潍城经济开发区医院北大楼一楼东侧（潍城区卧龙西街8029号，潍城区审批服务局西邻， 3路公交车直达）


8188753




坊子区


2月4日—6日
上午8:30—11:30 
下午13:30—17:00


坊子区凤凰街道凤翔社区卫生服务站（坊子区祥凤路350号，至尊门第大门口北邻）


7606193 7660676




寒亭区


2月4日-6日  
上午8：30---11:30
下午13:30---17:00


寒亭区卫生健康局
东三楼（潍坊市寒亭区益新街337号）


7907510




青州市


2月4日-6日
上午8:30-12:00
下午13:30-17:30


青州市卫生职业中等专业学校（青州市云门山北路95号）


3278640
3221054




诸城市


2月4日—6日
上午 8:00-12:00
下午13:00-17:00


诸城市卫生健康局七楼会议室（诸城市密州东路81号）


15653623793
15653621970




寿光市


2月4日-6日
上午 8:30-11:30
下午13:30-17:00


寿光市政务服务中心二楼C区多功能报告厅


15725066155




安丘市


2月4日-6日
上午8:30-11:30
下午13:30-17:00


安丘市市北区人民医院门诊楼东区4楼会议室（1）


4258192




高密市


2月4日-6日
上午8:30-11:30
下午13:00--17:00


高密市卫生综合执法大队一楼东侧（高密市镇府街179号）


2323245




昌邑市


2月4日-6日
上午8：30-11：30
下午13:30-17:00


昌邑市卫生综合执法大队二楼会议室（昌邑市利民街187号）


5590693




临朐县


2月4日—6日
上午8:30-12:00
下午13:30-17:30


临朐县中医院会议室


3166895
15650297990




昌乐县


2月4日-6日


昌乐县人民医院北院门诊部（昌乐县妇幼保健计划生育服务中心）。


6222315




高新区


2月4日，医院及社区卫生服务中心、站；2月5日、6日门诊部、诊所、医务室、社区卫生室
上午8:30-11:30
下午13:30-17:00


潍坊高新区人民医院门诊楼5楼东侧502室


7516003




市人民医院


2月4日


办公楼三楼3号会议室


8192018




市中医院


2月5日
上午9:00-11:30
下午14:00-17:00


潍坊市中医院总院区办公楼4楼小会议室


8190165




市妇幼保健院


2月4日-6日


医务科


8089016 




潍坊医学院附属医院


2月4日


潍坊医学院附属医院11号楼309


3081118





注意事项：如办理邮政快递者，需由考生本人现场填写快递单；不办理邮政快递者，请于2020年4月份关注潍坊市卫生健康委员会网站通知，领取毕业证等材料。
（三）咨询电话：西医类别：7516976；中医类别：8091588,8090321。
三、医师资格考试报名提交的材料及说明
（一）医师资格考试报名提交材料说明
1、医师执业年限
根据《执业医师法》第九条第二款，须按取得执业助理医师执业证书时间计算连续工作时间。专科学历毕业的须于2018年8月31日前注册，中专学历毕业的于2015年8月31日前注册，方可报考2020年医师资格考试。提供的连续工作证明须按执业变更记录逐个单位开据。
2、执业证变更或丢失
跨省变更的原证已收回或丢失的，须由原注册批准单位出具证明或打印注册记录后加盖公章。
3、医疗机构许可证
《医疗机构执业许可证》副本复印件(加盖单位公章),除三级甲等医疗机构和各级疾控中心可以免收，其他医疗机构必须提供。请考生提供“副本”（正本无效），加盖单位“公章”（科室章无效）。非现役军人在部队医院试用或执业的，须提供军队医疗机构对外服务许可证。中医备案诊所提供《中医诊所备案证》。
4、证明材料
《试用期考核合格证明》和《连续工作证明》在国家医学考试网下载打印，如涉及多个单位，须多个单位同时开据证明，每个单位一份。
5、有效身份证明复印件
身份证复印件须双面复印，其他证件（军官证、护照、医师资格证、执业证等）须将照片页与内容页同时复印。
6、毕业证丢失
毕业证丢失的可以提供由原学校补办教育部统一制式的“毕业证明书”，其他证明无效。
7、短线医学加试
参加短线医学加试考生需单独递交《医师资格考试短线医学加试考试考生报名资格申请审核表》(见本文附表4)。
8、提供虚假证明和假毕业证
提供虚假《试用期考核合格证明》、《连续工作证明》和假毕业证的考生，考点有权扣留假证明和假毕业证，核实后进行全市通报，并依据《医师资格考试违纪处理规定》取消两年报考资格。对开据虚假证明的医疗机构通报其主管卫生健康行政部门进行处理。
9、乡村全科助理报考执业医师
依据《关于开展2016年乡村全科执业助理医师资格考试试点工作的通知》要求，“取得乡村全科执业助理医师资格的人员，在学历和专业符合国家医师资格考试报名资格相关规定的条件下，可以报考临床或中医类别执业医师”。如考生学历、年限符合《执业医师法》和《医师资格考试报名资格规定（2014版）》的，可以报考相应类别的执业医师。
（二）医师资格考试报名提交的材料
见附件。
四、考试费用缴纳
2020年医师资格考试收费实行网上缴费，收费标准执行山东省物价局、山东省财政厅《关于医师资格考试考试收费标准的复函》（鲁价费函［2017］2号）和原山东省卫生计生委《关于重新公布医师和护士执业资格考试综合笔试收费标准的通知》（鲁卫财字［2017］48号）规定执行。省考区终审合格的考生，务必按照省、市公告的时间及时登录国家医学考试网缴纳考试费，逾期未缴纳的考生视为放弃报名。
考生如报名后因自身原因不参加考试者，所缴纳的考试费一律不退。
 
附件：2020年国家医师资格考试报名提交材料
 
 
潍坊市卫生健康委
2020年1月22日
 
 
 
 
 
 
 
 
 
 
 
 
 
附件：
2020年国家医师资格考试报名提交材料
 
一、本科学历报考执业医师者
㈠《医师资格考试网上报名成功通知单》1份;
㈡有效身份证明(包括身份证、临时身份证、军官证、文职干部证)原件及复印件1份;
㈢毕业证原件及复印件1份;
㈣《试用期考核合格证明》1份;
㈤《医疗机构执业许可证》副本或备案证复印件(加盖单位公章) 1份；
㈥本科毕业生报名，如果本科学历为专升本的且为2015年9月1日以后升入本科的，则需提交专科毕业证书审核。
二、大专学历已取得执业助理医师报考执业医师者
㈠《医师资格考试网上报名成功通知单》1份; 
㈡有效身份证明(包括身份证、临时身份证、军官证、文职干部证)原件及复印件1份;
㈢毕业证原件及复印件1份;
㈣《医疗机构执业许可证》副本或备案证复印件(加盖单
位公章) 1份；
㈤《医师资格证书》、《医师执业证书》原件及复印件各1份；
㈥连续从事执业助理医师工作满两年以上的证明并加盖单位公章。
三、中专学历已取得执业助理医师报考执业医师者
㈠《医师资格考试网上报名成功通知单》1份; 
㈡有效身份证明(包括身份证、临时身份证、军官证、文职干部证)原件及复印件1份;
㈢毕业证原件及复印件1份;
㈣《医疗机构执业许可证》副本或备案证复印件(加盖单位公章) 1份；
㈤《医师资格证书》、《医师执业证书》原件及复印件各1份；
㈥连续从事执业助理医师工作满五年以上的单位证明并加盖单位公章。
四、大专、中专学历报考执业助理医师者
㈠《医师资格考试网上报名成功通知单》1份; 
㈡有效身份证明(包括身份证、临时身份证、军官证、文职干部证)原件及复印件1份;
㈢毕业证原件及复印件1份;
㈣《试用期考核合格证明》1份;
㈤《医疗机构执业许可证》副本或备案证复印件(加盖单位公章) 1份；
㈥卫生保健、农村医学专业毕业生需提交乡医证原件及复印件各1份。
五、研究生报考执业医师
㈠毕业当年报考的（仅限山东省省内院校，外省应届研究生不予受理报名申请）
⑴《医师资格考试网上报名成功通知单》1份; 
⑵有效身份证明(包括身份证、临时身份证、军官证、文职干部证)原件及复印件1份;
⑶学生证原件及复印件1份；
⑷研究生院开具的临床实践训练经历满一年证明及个人承诺书1份（见本文附表3，国家医学考试网下载无效）。
㈡已毕业报考的
⑴《医师资格考试网上报名成功通知单》1份; 
⑵有效身份证明(包括身份证、临时身份证、军官证、文职干部证)原件及复印件1份;
⑶毕业证、学位证原件及复印件 各1份；
⑷《试用期考核合格证明》1份。
㈢长学制在学期间报考的
⑴《医师资格考试网上报名成功通知单》1份; 
⑵有效身份证明(包括身份证、临时身份证、军官证、文职干部证)原件及复印件1份;
⑶本科毕业证原件、复印件各1份。
⑷研究生院开具的临床实践训练经历满一年证明及个人承诺书1份（见本文附表3，国家医学考试网下载无效）；
⑸学生证原件及复印件1份。
六、报考乡村全科助理医师者
㈠《医师资格考试网上报名成功通知单》1份; 
㈡有效身份证明(包括身份证、临时身份证)原件及复印件1份;
㈢毕业证原件及复印件1份;
㈣《试用期考核合格证明》1份(乡村两级医疗机构开具);
㈤《医疗机构执业许可证》副本复印件(加盖单位公章) 1份；
㈥卫生保健、农村医学专业毕业生需提交乡医证原件及复印件各1份。
七、报考师承和确有专长助理医师
㈠《医师资格考试网上报名成功通知单》1份; 
㈡有效身份证明(包括身份证、临时身份证)原件及复印件1份;
㈢师承和确有专长证书原件及复印件1份(2018年8月25日前取得);
㈣《试用期考核合格证明》1份;
㈤《医疗机构执业许可证》副本或备案证复印件(加盖单位公章) 1份；
 
 
 
 
 
 
 
附表1
医师资格考试试用期考核证明





姓    名


 


性    别


 


出生年月


 




民    族


 


所学专业


 


医学学历


 




取得学历
年    月


 


有效身份证件号码


 


证  件
有效期


 




报考类别


 




试用机构


名称


 




地址


 


邮编


 




登记号


 


法人姓名


 




试用起止
时    间


（         ）年（  ）月   至（         ）年（  ）月




主要试用
岗位(科室)


岗位(科室)
名称


带教老师评价


带  教  老  师
医师执业证书号码


带教老师签字




合格


不合格




 


 


 


 


 




 


 


 


 


 




 


 


 


 


 




 


 


 


 


 




 


 


 


 


 




试用机构
考核意见


我单位承诺：本表内容及所附材料真实、合法、有效。如有不实，我单位愿承担相应责任及由此所造成的一切后果。
 
合格  （        ）     不合格（        ）
 
               单位法人代表/法定代表人签字：
（单位公章）
 
              年    月    日




注：


1.带教老师对考生从岗位胜任力（如：基本技能、医患关系、医际关系及职业道德操守等方面）作综合评价是否合格，并在相应栏目划“√”。
2.军队考生须提交团级以上卫生部门的审核证明。
3.本表栏目空间不够填写，可另附页。
 





附表2
执业助理医师报考执业医师执业期考核证明
 
执业助理医师资格证书编号：（                                                  ）
执业助理医师执业证书编号：（                                                  ）





姓    名


 


性    别


 


民    族


 




医学学历


 


所学专业


 


取得学历
年    月


 




报考类别


 


有效身份证件号码


 


证  件
有效期


 




工作机构


名称


 




地址


 


邮编


 




登记号


 


法人姓名


 




工作起止
时    间


（         ）年（  ）月   至（         ）年（  ）月




主要工作
岗位(科室)


岗位(科室)
名称


带教老师评价


带  教  执  业
医师执业证书号码


带教老师签字




合格


不合格




 


 


 


 


 




 


 


 


 


 




 


 


 


 


 




 


 


 


 


 




工作机构
考核意见


我单位承诺：本表内容及所附材料真实、合法、有效。如有不实，我单位愿承担相应责任及由此所造成的一切后果。
 
合格  （        ）      不合格（        ）
 
               单位法人代表/法定代表人签字：
（单位公章）
 
                             年    月    日




注：


1.带教老师对考生从岗位胜任力（如：基本技能、医患关系、医际关系及职业道德操守等方面）作综合评价是否合格，并在相应栏目划“√”。
2.军队考生须提交团级以上卫生部门的审核证明。
3.本表栏目空间不够填写，可另附页。
 





附表3
临床实践训练经历满一年证明
及个人承诺书
 
本人于_____年____月____日毕业于______________学校____________专业。自______年______月起，在___________单位进行临床实践训练，至_____年_____月临床实践训练时间满一年。
本人承诺所获学位证书为专业学位，并将于今年取得毕业证、学位证时，将硕（博）士毕业证书原件及复印件、学位证书原件及复印件（研究生毕业当年报名考生）交至考点办公室审核。如不能按时提交则视为自动放弃当年医学综合笔试考试资格。
 
临床实践单位单位（章）  研究生院（章）
　   年   月 　日
 
承诺人签字：
承诺人身份证号：
                           手机号码： 
注：此证明仅限报考国家医师资格考试用，请考生凭此证明和学生证原件及复印件参加报名。
 
附表4：
医师资格考试短线医学加试考试考生报名资格
申请审核表





姓名


 


身份证号


 




加试专业


 


所在科室


 




毕业专业


 




所在单位


 




所在单位审核意见
 
 
 
科室负责人签字：
 
 
 
经办人签字：   
 
 
负责人签字： 
 
 
 
日期：                             盖章（单位公章）：





注：1.负责人签字需由单位法人代表（院长）签字或盖名章；
单位公章处需由单位盖章，单位部(科)室盖章无效。
 
"
 2020-01-20,2019年市卫健委直属事业单位（市妇幼保健院）公开招聘第三批考察体检通知,http://wsjkw.weifang.gov.cn/XXGK/RSXX/202001/t20200120_5556702.htm,"


各位考生： 
　　根据《2019年潍坊市卫生健康委员会直属事业单位公开招聘公告（第三批）》要求，现将2019年潍坊市卫健委直属事业单位（市妇幼保健院）公开招聘第三批考察体检相关事宜通知如下：   
　　一、考察 
　　考察工作由潍坊市妇幼保健院负责组织实施。考察坚持实事求是、客观公正原则，采取查阅档案材料等方式对考生思想政治表现、道德品质以及业务能力和工作实绩等方面情况进行全面考察，同时对考生提供的相关信息、材料是否真实准确等进行复审。 
　　二、体检 
　　（一）体检标准 
　　体检标准和项目参照《关于修订〈公务员录用体检通用标准（试行）〉及〈公务员录用体检操作手册（试行）〉有关内容的通知》（人社部发〔2016〕140号）执行，国家另有规定的从其规定。 
　　（二）体检时间及地点 
　　体检时间：2020年1月22日（周三）上午7:30前 
　　体检集合地点：潍坊市中医院放疗中心三楼会议室（院校街与潍州路交叉口路东北角）　　 
　　（三）体检要求及注意事项 
　　1.参加体检考生须携带本人身份证、准考证、补充材料（现场资格审查时未提交的单位同意报考证明或解聘证明及其它材料）、体检费用（现金350元），按规定时间到指定地点集合参加体检，无特殊原因，未按规定时间、地点参加体检的，应聘人员视为自动放弃。发现有冒名顶替者取消录用资格。 
　　2.考生体检时要上缴通讯工具，违者取消录用资格。体检前一天请注意休息，勿熬夜，不要饮酒，避免剧烈运动。体检当天需进行采血、B超等检查，请在受检前禁食（不吃饭、不喝水）8-12小时。体检严禁弄虚作假、冒名顶替，如隐瞒病史影响体检结果的，后果自负。体检费用由应聘人员自理。   
　　3.考生在体检期间要随时关注潍坊市卫健委及潍坊市妇幼保健院网站，同时保持通讯畅通，通讯方式如有变动，要及时告知潍坊市妇幼保健院人事科，因本人原因错过重要信息而影响聘用的，责任自负。　 
　　三、其他要求 
　　1.考生无特殊原因未按规定时间到达指定地点或中途因个人原因中断考察体检的视为自动放弃录用资格，发现有冒名顶替者取消录用资格。对按规定需要复检的，不得在原体检医院进行，复检只能进行1次，结果以复检结论为准。  
　　2.为维护招聘工作的严肃性，确保招聘工作公平、公正，资格审查贯穿整个招聘过程，医院纪检部门全程监督，对考生有造假行为或隐瞒行为的，查实后医院有权取消考生应聘或录用资格，一切后果由考生本人承担。  
　　3.考生应确保填写联系电话准确无误并保持电话畅通，若因手机停机、关机、无法接通或联系不上影响考察体检者，视为自愿放弃应聘。  
　　4.其他未尽事宜，以国家法律法规及《2019年潍坊市卫生健康委员会直属事业单位公开招聘公告（第三批）》为准。  
  联系电话：8089026。 
　　  
　　　　                                       2020年1月20日 

"
 2020-01-20,2019年市卫健委直属事业单位（市中医院）公开招聘第三批考察体检通知,http://wsjkw.weifang.gov.cn/XXGK/RSXX/202001/t20200120_5556698.htm,"


各位考生： 
　　根据《2019年潍坊市卫生健康委员会直属事业单位公开招聘公告（第三批）》要求，现将2019年潍坊市卫健委直属事业单位（市中医院）公开招聘第三批考察体检相关事宜通知如下： 
　　一、考察 
　　考察工作由潍坊市中医院负责组织实施。考察坚持实事求是、客观公正原则，采取查阅档案材料等方式对考生思想政治表现、道德品质以及业务能力和工作实绩等方面情况进行全面考察，同时对考生提供的相关信息、材料是否真实准确等进行复审。 
　　二、体检 
　　（一）体检标准 
　　体检标准和项目参照《关于修订〈公务员录用体检通用标准（试行）〉及〈公务员录用体检操作手册（试行）〉有关内容的通知》（人社部发〔2016〕140号）执行，国家另有规定的从其规定。 
　　（二）体检时间及地点 
　　体检时间：2020年1月22日（周三）上午7:30前 
　　体检集合地点：潍坊市人民医院健康管理中心（东风东街8079号奎文区公共政务大厅东侧，东风街与文化路交叉路口往东路北）　　 
　　（三）体检要求及注意事项 
　　1.参加体检考生须携带本人身份证、准考证、补充材料（现场资格审查时未提交的单位同意报考证明或解聘证明及其它材料）、体检费用（现金350元），按规定时间到指定地点集合参加体检，无特殊原因，未按规定时间、地点参加体检的，应聘人员视为自动放弃。发现有冒名顶替者取消录用资格。 
　　2.考生体检时要上缴通讯工具，违者取消录用资格。体检前一天请注意休息，勿熬夜，不要饮酒，避免剧烈运动。体检当天需进行采血、B超等检查，请在受检前禁食（不吃饭、不喝水）8-12小时。体检严禁弄虚作假、冒名顶替，如隐瞒病史影响体检结果的，后果自负。体检费用由应聘人员自理。   
　　3.考生在体检期间要随时关注潍坊市卫健委及潍坊中医院网站，同时保持通讯畅通，通讯方式如有变动，要及时告知潍坊中医院人力资源部，因本人原因错过重要信息而影响聘用的，责任自负。　 
　　三、其他要求  
　　1.考生无特殊原因未按规定时间到达指定地点或中途因个人原因中断考察体检的视为自动放弃录用资格，发现有冒名顶替者取消录用资格。对按规定需要复检的，不得在原体检医院进行，复检只能进行1次，结果以复检结论为准。  
　　2.为维护招聘工作的严肃性，确保招聘工作公平、公正，资格审查贯穿整个招聘过程，医院纪检部门全程监督，对考生有造假行为或隐瞒行为的，查实后医院有权取消考生应聘或录用资格，一切后果由考生本人承担。  
　　3.考生应确保填写联系电话准确无误并保持电话畅通，若因手机停机、关机、无法接通或联系不上影响考察体检者，视为自愿放弃应聘。  
　　4.其他未尽事宜，以国家法律法规及《2019年潍坊市卫生健康委员会直属事业单位公开招聘公告（第三批）》为准。  
　　联系电话：8190012,8190016。 
　　  
　　　　                                                                                                                         2020年1月20日 

"
